2026-05-07 07:46:31.254  INFO 34575 --- [  restartedMain] com.verinon.lbm.LbmApplication           : Starting LbmApplication on A121721-NO with PID 34575 (/Users/monika.valkova@m10s.io/Desktop/mvp-bot/Mini-Project-LibrabryManagement-with-Springboot/target/classes started by monika.valkova@m10s.io in /Users/monika.valkova@m10s.io/Desktop/mvp-bot/Mini-Project-LibrabryManagement-with-Springboot)
2026-05-07 07:46:31.254  INFO 34575 --- [  restartedMain] com.verinon.lbm.LbmApplication           : No active profile set, falling back to default profiles: default
2026-05-07 07:46:31.319  INFO 34575 --- [  restartedMain] .s.d.r.c.RepositoryConfigurationDelegate : Bootstrapping Spring Data repositories in DEFAULT mode.
2026-05-07 07:46:31.323  INFO 34575 --- [  restartedMain] .s.d.r.c.RepositoryConfigurationDelegate : Finished Spring Data repository scanning in 4ms. Found 3 repository interfaces.
2026-05-07 07:46:31.339  INFO 34575 --- [  restartedMain] trationDelegate$BeanPostProcessorChecker : Bean 'org.springframework.transaction.annotation.ProxyTransactionManagementConfiguration' of type [org.springframework.transaction.annotation.ProxyTransactionManagementConfiguration$$EnhancerBySpringCGLIB$$6f0db9df] is not eligible for getting processed by all BeanPostProcessors (for example: not eligible for auto-proxying)
2026-05-07 07:46:31.354  INFO 34575 --- [  restartedMain] o.s.b.w.embedded.tomcat.TomcatWebServer  : Tomcat initialized with port(s): 8088 (http)
2026-05-07 07:46:31.355  INFO 34575 --- [  restartedMain] o.apache.catalina.core.StandardService   : Starting service [Tomcat]
2026-05-07 07:46:31.355  INFO 34575 --- [  restartedMain] org.apache.catalina.core.StandardEngine  : Starting Servlet engine: [Apache Tomcat/9.0.16]
2026-05-07 07:46:31.373  INFO 34575 --- [  restartedMain] org.apache.jasper.servlet.TldScanner     : At least one JAR was scanned for TLDs yet contained no TLDs. Enable debug logging for this logger for a complete list of JARs that were scanned but no TLDs were found in them. Skipping unneeded JARs during scanning can improve startup time and JSP compilation time.
2026-05-07 07:46:31.373  INFO 34575 --- [  restartedMain] o.a.c.c.C.[Tomcat].[localhost].[/]       : Initializing Spring embedded WebApplicationContext
2026-05-07 07:46:31.373 DEBUG 34575 --- [  restartedMain] o.s.web.context.ContextLoader            : Published root WebApplicationContext as ServletContext attribute with name [org.springframework.web.context.WebApplicationContext.ROOT]
2026-05-07 07:46:31.373  INFO 34575 --- [  restartedMain] o.s.web.context.ContextLoader            : Root WebApplicationContext: initialization completed in 117 ms
2026-05-07 07:46:31.387  INFO 34575 --- [  restartedMain] com.zaxxer.hikari.HikariDataSource       : HikariPool-3 - Starting...
2026-05-07 07:46:31.389  INFO 34575 --- [  restartedMain] com.zaxxer.hikari.HikariDataSource       : HikariPool-3 - Start completed.
2026-05-07 07:46:31.390  INFO 34575 --- [  restartedMain] o.hibernate.jpa.internal.util.LogHelper  : HHH000204: Processing PersistenceUnitInfo [
	name: default
	...]
2026-05-07 07:46:31.393  INFO 34575 --- [  restartedMain] org.hibernate.dialect.Dialect            : HHH000400: Using dialect: org.hibernate.dialect.H2Dialect
2026-05-07 07:46:31.400  INFO 34575 --- [  restartedMain] org.hibernate.tuple.PojoInstantiator     : HHH000182: No default (no-argument) constructor for class: com.verinon.lbm.pojos.SmartBookSystem (class must be instantiated by Interceptor)
2026-05-07 07:46:31.416  INFO 34575 --- [  restartedMain] o.h.t.schema.internal.SchemaCreatorImpl  : HHH000476: Executing import script 'org.hibernate.tool.schema.internal.exec.ScriptSourceInputNonExistentImpl@34a7972a'
2026-05-07 07:46:31.416  INFO 34575 --- [  restartedMain] j.LocalContainerEntityManagerFactoryBean : Initialized JPA EntityManagerFactory for persistence unit 'default'
2026-05-07 07:46:31.420  INFO 34575 --- [  restartedMain] o.s.b.d.a.OptionalLiveReloadServer       : LiveReload server is running on port 35729
2026-05-07 07:46:31.529  INFO 34575 --- [  restartedMain] o.s.s.web.DefaultSecurityFilterChain     : Creating filter chain: any request, [org.springframework.security.web.context.request.async.WebAsyncManagerIntegrationFilter@3042e315, org.springframework.security.web.context.SecurityContextPersistenceFilter@595c2187, org.springframework.security.web.header.HeaderWriterFilter@fc86709, org.springframework.security.web.authentication.logout.LogoutFilter@31784573, org.springframework.security.web.authentication.UsernamePasswordAuthenticationFilter@6423ed08, org.springframework.security.web.savedrequest.RequestCacheAwareFilter@1dc9f020, org.springframework.security.web.servletapi.SecurityContextHolderAwareRequestFilter@51f52cbf, org.springframework.security.web.authentication.AnonymousAuthenticationFilter@70db351c, org.springframework.security.web.session.SessionManagementFilter@171efe6c, org.springframework.security.web.access.ExceptionTranslationFilter@2d4d3387, org.springframework.security.web.access.intercept.FilterSecurityInterceptor@3db6c8dc]
2026-05-07 07:46:31.534 DEBUG 34575 --- [  restartedMain] o.s.w.s.handler.SimpleUrlHandlerMapping  : Patterns [/**/favicon.ico] in 'faviconHandlerMapping'
2026-05-07 07:46:31.552  INFO 34575 --- [  restartedMain] o.s.s.concurrent.ThreadPoolTaskExecutor  : Initializing ExecutorService 'applicationTaskExecutor'
2026-05-07 07:46:31.554 DEBUG 34575 --- [  restartedMain] s.w.s.m.m.a.RequestMappingHandlerAdapter : ControllerAdvice beans: 0 @ModelAttribute, 0 @InitBinder, 1 RequestBodyAdvice, 1 ResponseBodyAdvice
2026-05-07 07:46:31.555  WARN 34575 --- [  restartedMain] aWebConfiguration$JpaWebMvcConfiguration : spring.jpa.open-in-view is enabled by default. Therefore, database queries may be performed during view rendering. Explicitly configure spring.jpa.open-in-view to disable this warning
2026-05-07 07:46:31.559 DEBUG 34575 --- [  restartedMain] s.w.s.m.m.a.RequestMappingHandlerMapping : 30 mappings in 'requestMappingHandlerMapping'
2026-05-07 07:46:31.561 DEBUG 34575 --- [  restartedMain] o.s.w.s.handler.SimpleUrlHandlerMapping  : Patterns [/webjars/**, /**] in 'resourceHandlerMapping'
2026-05-07 07:46:31.563 DEBUG 34575 --- [  restartedMain] .m.m.a.ExceptionHandlerExceptionResolver : ControllerAdvice beans: 0 @ExceptionHandler, 1 ResponseBodyAdvice
2026-05-07 07:46:31.579  INFO 34575 --- [  restartedMain] o.s.b.w.embedded.tomcat.TomcatWebServer  : Tomcat started on port(s): 8088 (http) with context path ''
2026-05-07 07:46:31.579  INFO 34575 --- [  restartedMain] com.verinon.lbm.LbmApplication           : Started LbmApplication in 0.378 seconds (JVM running for 228.815)
2026-05-07 07:46:31.579  INFO 34575 --- [  restartedMain] .ConditionEvaluationDeltaLoggingListener : Condition evaluation unchanged
2026-05-07 07:46:57.092  INFO 34575 --- [nio-8088-exec-1] o.a.c.c.C.[Tomcat].[localhost].[/]       : Initializing Spring DispatcherServlet 'dispatcherServlet'
2026-05-07 07:46:57.092  INFO 34575 --- [nio-8088-exec-1] o.s.web.servlet.DispatcherServlet        : Initializing Servlet 'dispatcherServlet'
2026-05-07 07:46:57.092 DEBUG 34575 --- [nio-8088-exec-1] o.s.web.servlet.DispatcherServlet        : Detected StandardServletMultipartResolver
2026-05-07 07:46:57.095 DEBUG 34575 --- [nio-8088-exec-1] o.s.web.servlet.DispatcherServlet        : enableLoggingRequestDetails='false': request parameters and headers will be masked to prevent unsafe logging of potentially sensitive data
2026-05-07 07:46:57.095  INFO 34575 --- [nio-8088-exec-1] o.s.web.servlet.DispatcherServlet        : Completed initialization in 3 ms
2026-05-07 07:46:57.096 DEBUG 34575 --- [nio-8088-exec-1] o.s.web.servlet.DispatcherServlet        : GET "/userlogin", parameters={}
2026-05-07 07:46:57.096 DEBUG 34575 --- [nio-8088-exec-1] s.w.s.m.m.a.RequestMappingHandlerMapping : Mapped to public java.lang.String com.verinon.lbm.controller.LoginController.showLoginPage(org.springframework.ui.ModelMap)
2026-05-07 07:46:57.098 DEBUG 34575 --- [nio-8088-exec-1] o.s.w.s.v.ContentNegotiatingViewResolver : Selected '*/*' given [*/*]
2026-05-07 07:46:57.099 DEBUG 34575 --- [nio-8088-exec-1] o.s.web.servlet.view.JstlView            : View name 'loginpage', model {}
2026-05-07 07:46:57.099 DEBUG 34575 --- [nio-8088-exec-1] o.s.web.servlet.view.JstlView            : Forwarding to [/WEB-INF/jsps/loginpage.jsp]
2026-05-07 07:46:57.139 DEBUG 34575 --- [nio-8088-exec-1] o.s.web.servlet.DispatcherServlet        : Completed 200 OK
ROLE_Admin
2026-05-07 07:47:09.703 DEBUG 34575 --- [nio-8088-exec-4] o.s.web.servlet.DispatcherServlet        : POST "/home", parameters={}
2026-05-07 07:47:09.703 DEBUG 34575 --- [nio-8088-exec-4] s.w.s.m.m.a.RequestMappingHandlerMapping : Mapped to public java.lang.String com.verinon.lbm.controller.LoginController.showHomePage(org.springframework.ui.ModelMap)
2026-05-07 07:47:09.704 DEBUG 34575 --- [nio-8088-exec-4] o.s.w.s.v.ContentNegotiatingViewResolver : Selected '*/*' given [*/*]
2026-05-07 07:47:09.704 DEBUG 34575 --- [nio-8088-exec-4] o.s.web.servlet.view.JstlView            : View name 'home', model {}
2026-05-07 07:47:09.704 DEBUG 34575 --- [nio-8088-exec-4] o.s.web.servlet.view.JstlView            : Forwarding to [/WEB-INF/jsps/home.jsp]
2026-05-07 07:47:09.736 DEBUG 34575 --- [nio-8088-exec-4] o.s.web.servlet.DispatcherServlet        : Completed 200 OK
2026-05-07 07:47:38.607 DEBUG 34575 --- [nio-8088-exec-6] o.s.web.servlet.DispatcherServlet        : GET "/delete-book?id=abc", parameters={masked}
2026-05-07 07:47:38.608 DEBUG 34575 --- [nio-8088-exec-6] s.w.s.m.m.a.RequestMappingHandlerMapping : Mapped to public java.lang.String com.verinon.lbm.controller.BookController.deleteBookFromList(int)
2026-05-07 07:47:38.619 DEBUG 34575 --- [nio-8088-exec-6] .w.s.m.m.a.ServletInvocableHandlerMethod : Could not resolve parameter [0] in public java.lang.String com.verinon.lbm.controller.BookController.deleteBookFromList(int): Failed to convert value of type 'java.lang.String' to required type 'int'; nested exception is java.lang.NumberFormatException: For input string: "abc"
2026-05-07 07:47:38.621  WARN 34575 --- [nio-8088-exec-6] .w.s.m.s.DefaultHandlerExceptionResolver : Resolved [org.springframework.web.method.annotation.MethodArgumentTypeMismatchException: Failed to convert value of type 'java.lang.String' to required type 'int'; nested exception is java.lang.NumberFormatException: For input string: "abc"]
2026-05-07 07:47:38.622 DEBUG 34575 --- [nio-8088-exec-6] o.s.web.servlet.DispatcherServlet        : Completed 400 BAD_REQUEST
2026-05-07 07:47:38.622 DEBUG 34575 --- [nio-8088-exec-6] o.s.web.servlet.DispatcherServlet        : "ERROR" dispatch for GET "/error?id=abc", parameters={masked}
2026-05-07 07:47:38.625 DEBUG 34575 --- [nio-8088-exec-6] s.w.s.m.m.a.RequestMappingHandlerMapping : Mapped to public org.springframework.http.ResponseEntity<java.util.Map<java.lang.String, java.lang.Object>> org.springframework.boot.autoconfigure.web.servlet.error.BasicErrorController.error(javax.servlet.http.HttpServletRequest)
2026-05-07 07:47:38.635 DEBUG 34575 --- [nio-8088-exec-6] o.s.w.s.m.m.a.HttpEntityMethodProcessor  : Using 'application/json', given [*/*] and supported [application/json, application/*+json, application/json, application/*+json]
2026-05-07 07:47:38.636 DEBUG 34575 --- [nio-8088-exec-6] o.s.w.s.m.m.a.HttpEntityMethodProcessor  : Writing [{timestamp=Thu May 07 07:47:38 CEST 2026, status=400, error=Bad Request, message=Failed to convert v (truncated)...]
2026-05-07 07:47:38.650 DEBUG 34575 --- [nio-8088-exec-6] o.s.web.servlet.DispatcherServlet        : Exiting from "ERROR" dispatch, status 400
2026-05-07 07:47:38.679 DEBUG 34575 --- [nio-8088-exec-7] o.s.web.servlet.DispatcherServlet        : POST "/edit-book", parameters={masked}
2026-05-07 07:47:38.679 DEBUG 34575 --- [nio-8088-exec-7] s.w.s.m.m.a.RequestMappingHandlerMapping : Mapped to public java.lang.String com.verinon.lbm.controller.BookController.editBookDetails(int,java.lang.String)
2026-05-07 07:47:38.681 DEBUG 34575 --- [nio-8088-exec-7] .w.s.m.m.a.ServletInvocableHandlerMethod : Could not resolve parameter [0] in public java.lang.String com.verinon.lbm.controller.BookController.editBookDetails(int,java.lang.String): Failed to convert value of type 'java.lang.String' to required type 'int'; nested exception is java.lang.NumberFormatException: For input string: "abc"
2026-05-07 07:47:38.681  WARN 34575 --- [nio-8088-exec-7] .w.s.m.s.DefaultHandlerExceptionResolver : Resolved [org.springframework.web.method.annotation.MethodArgumentTypeMismatchException: Failed to convert value of type 'java.lang.String' to required type 'int'; nested exception is java.lang.NumberFormatException: For input string: "abc"]
2026-05-07 07:47:38.681 DEBUG 34575 --- [nio-8088-exec-7] o.s.web.servlet.DispatcherServlet        : Completed 400 BAD_REQUEST
2026-05-07 07:47:38.681 DEBUG 34575 --- [nio-8088-exec-7] o.s.web.servlet.DispatcherServlet        : "ERROR" dispatch for POST "/error", parameters={masked}
2026-05-07 07:47:38.681 DEBUG 34575 --- [nio-8088-exec-7] s.w.s.m.m.a.RequestMappingHandlerMapping : Mapped to public org.springframework.http.ResponseEntity<java.util.Map<java.lang.String, java.lang.Object>> org.springframework.boot.autoconfigure.web.servlet.error.BasicErrorController.error(javax.servlet.http.HttpServletRequest)
2026-05-07 07:47:38.682 DEBUG 34575 --- [nio-8088-exec-7] o.s.w.s.m.m.a.HttpEntityMethodProcessor  : Using 'application/json', given [*/*] and supported [application/json, application/*+json, application/json, application/*+json]
2026-05-07 07:47:38.682 DEBUG 34575 --- [nio-8088-exec-7] o.s.w.s.m.m.a.HttpEntityMethodProcessor  : Writing [{timestamp=Thu May 07 07:47:38 CEST 2026, status=400, error=Bad Request, message=Failed to convert v (truncated)...]
2026-05-07 07:47:38.683 DEBUG 34575 --- [nio-8088-exec-7] o.s.web.servlet.DispatcherServlet        : Exiting from "ERROR" dispatch, status 400
2026-05-07 07:47:38.709 DEBUG 34575 --- [nio-8088-exec-8] o.s.web.servlet.DispatcherServlet        : POST "/add-book", parameters={masked}
2026-05-07 07:47:38.709 DEBUG 34575 --- [nio-8088-exec-8] s.w.s.m.m.a.RequestMappingHandlerMapping : Mapped to public java.lang.String com.verinon.lbm.controller.BookController.addBooks(org.springframework.ui.ModelMap,com.verinon.lbm.pojos.BookPojo)
2026-05-07 07:47:38.714 DEBUG 34575 --- [nio-8088-exec-8] .w.s.m.m.a.ServletInvocableHandlerMethod : Could not resolve parameter [1] in public java.lang.String com.verinon.lbm.controller.BookController.addBooks(org.springframework.ui.ModelMap,com.verinon.lbm.pojos.BookPojo): org.springframework.validation.BeanPropertyBindingResult: 2 errors
Field error in object 'bookPojo' on field 'book_price': rejected value [notANumber]; codes [typeMismatch.bookPojo.book_price,typeMismatch.book_price,typeMismatch.java.lang.Double,typeMismatch]; arguments [org.springframework.context.support.DefaultMessageSourceResolvable: codes [bookPojo.book_price,book_price]; arguments []; default message [book_price]]; default message [Failed to convert property value of type 'java.lang.String' to required type 'java.lang.Double' for property 'book_price'; nested exception is java.lang.NumberFormatException: For input string: "notANumber"]
Field error in object 'bookPojo' on field 'book_published': rejected value [2024-01-01]; codes [typeMismatch.bookPojo.book_published,typeMismatch.book_published,typeMismatch.java.util.Date,typeMismatch]; arguments [org.springframework.context.support.DefaultMessageSourceResolvable: codes [bookPojo.book_published,book_published]; arguments []; default message [book_published]]; default message [Failed to convert property value of type 'java.lang.String' to required type 'java.util.Date' for property 'book_published'; nested exception is org.springframework.core.convert.ConversionFailedException: Failed to convert from type [java.lang.String] to type [java.util.Date] for value '2024-01-01'; nested exception is java.lang.IllegalArgumentException]
2026-05-07 07:47:38.714  WARN 34575 --- [nio-8088-exec-8] .w.s.m.s.DefaultHandlerExceptionResolver : Resolved [org.springframework.validation.BindException: org.springframework.validation.BeanPropertyBindingResult: 2 errors
Field error in object 'bookPojo' on field 'book_price': rejected value [notANumber]; codes [typeMismatch.bookPojo.book_price,typeMismatch.book_price,typeMismatch.java.lang.Double,typeMismatch]; arguments [org.springframework.context.support.DefaultMessageSourceResolvable: codes [bookPojo.book_price,book_price]; arguments []; default message [book_price]]; default message [Failed to convert property value of type 'java.lang.String' to required type 'java.lang.Double' for property 'book_price'; nested exception is java.lang.NumberFormatException: For input string: "notANumber"]
Field error in object 'bookPojo' on field 'book_published': rejected value [2024-01-01]; codes [typeMismatch.bookPojo.book_published,typeMismatch.book_published,typeMismatch.java.util.Date,typeMismatch]; arguments [org.springframework.context.support.DefaultMessageSourceResolvable: codes [bookPojo.book_published,book_published]; arguments []; default message [book_published]]; default message [Failed to convert property value of type 'java.lang.String' to required type 'java.util.Date' for property 'book_published'; nested exception is org.springframework.core.convert.ConversionFailedException: Failed to convert from type [java.lang.String] to type [java.util.Date] for value '2024-01-01'; nested exception is java.lang.IllegalArgumentException]]
2026-05-07 07:47:38.714 DEBUG 34575 --- [nio-8088-exec-8] o.s.web.servlet.DispatcherServlet        : Completed 400 BAD_REQUEST
2026-05-07 07:47:38.714 DEBUG 34575 --- [nio-8088-exec-8] o.s.web.servlet.DispatcherServlet        : "ERROR" dispatch for POST "/error", parameters={masked}
2026-05-07 07:47:38.715 DEBUG 34575 --- [nio-8088-exec-8] s.w.s.m.m.a.RequestMappingHandlerMapping : Mapped to public org.springframework.http.ResponseEntity<java.util.Map<java.lang.String, java.lang.Object>> org.springframework.boot.autoconfigure.web.servlet.error.BasicErrorController.error(javax.servlet.http.HttpServletRequest)
2026-05-07 07:47:38.715 DEBUG 34575 --- [nio-8088-exec-8] o.s.w.s.m.m.a.HttpEntityMethodProcessor  : Using 'application/json', given [*/*] and supported [application/json, application/*+json, application/json, application/*+json]
2026-05-07 07:47:38.715 DEBUG 34575 --- [nio-8088-exec-8] o.s.w.s.m.m.a.HttpEntityMethodProcessor  : Writing [{timestamp=Thu May 07 07:47:38 CEST 2026, status=400, error=Bad Request, errors=[Field error in obje (truncated)...]
2026-05-07 07:47:38.724 DEBUG 34575 --- [nio-8088-exec-8] o.s.web.servlet.DispatcherServlet        : Exiting from "ERROR" dispatch, status 400
2026-05-07 07:47:38.748 DEBUG 34575 --- [nio-8088-exec-9] o.s.web.servlet.DispatcherServlet        : GET "/delete-book", parameters={}
2026-05-07 07:47:38.748 DEBUG 34575 --- [nio-8088-exec-9] s.w.s.m.m.a.RequestMappingHandlerMapping : Mapped to public java.lang.String com.verinon.lbm.controller.BookController.deleteBookFromList(int)
2026-05-07 07:47:38.749 DEBUG 34575 --- [nio-8088-exec-9] .w.s.m.m.a.ServletInvocableHandlerMethod : Could not resolve parameter [0] in public java.lang.String com.verinon.lbm.controller.BookController.deleteBookFromList(int): Optional int parameter 'id' is present but cannot be translated into a null value due to being declared as a primitive type. Consider declaring it as object wrapper for the corresponding primitive type.
2026-05-07 07:47:38.749 DEBUG 34575 --- [nio-8088-exec-9] o.s.web.servlet.DispatcherServlet        : Failed to complete request: java.lang.IllegalStateException: Optional int parameter 'id' is present but cannot be translated into a null value due to being declared as a primitive type. Consider declaring it as object wrapper for the corresponding primitive type.
2026-05-07 07:47:38.752 ERROR 34575 --- [nio-8088-exec-9] o.a.c.c.C.[.[.[/].[dispatcherServlet]    : Servlet.service() for servlet [dispatcherServlet] in context with path [] threw exception [Request processing failed; nested exception is java.lang.IllegalStateException: Optional int parameter 'id' is present but cannot be translated into a null value due to being declared as a primitive type. Consider declaring it as object wrapper for the corresponding primitive type.] with root cause

java.lang.IllegalStateException: Optional int parameter 'id' is present but cannot be translated into a null value due to being declared as a primitive type. Consider declaring it as object wrapper for the corresponding primitive type.
	at org.springframework.web.method.annotation.AbstractNamedValueMethodArgumentResolver.handleNullValue(AbstractNamedValueMethodArgumentResolver.java:245) ~[spring-web-5.1.5.RELEASE.jar:5.1.5.RELEASE]
	at org.springframework.web.method.annotation.AbstractNamedValueMethodArgumentResolver.resolveArgument(AbstractNamedValueMethodArgumentResolver.java:115) ~[spring-web-5.1.5.RELEASE.jar:5.1.5.RELEASE]
	at org.springframework.web.method.support.HandlerMethodArgumentResolverComposite.resolveArgument(HandlerMethodArgumentResolverComposite.java:126) ~[spring-web-5.1.5.RELEASE.jar:5.1.5.RELEASE]
	at org.springframework.web.method.support.InvocableHandlerMethod.getMethodArgumentValues(InvocableHandlerMethod.java:166) ~[spring-web-5.1.5.RELEASE.jar:5.1.5.RELEASE]
	at org.springframework.web.method.support.InvocableHandlerMethod.invokeForRequest(InvocableHandlerMethod.java:134) ~[spring-web-5.1.5.RELEASE.jar:5.1.5.RELEASE]
	at org.springframework.web.servlet.mvc.method.annotation.ServletInvocableHandlerMethod.invokeAndHandle(ServletInvocableHandlerMethod.java:102) ~[spring-webmvc-5.1.5.RELEASE.jar:5.1.5.RELEASE]
	at org.springframework.web.servlet.mvc.method.annotation.RequestMappingHandlerAdapter.invokeHandlerMethod(RequestMappingHandlerAdapter.java:895) ~[spring-webmvc-5.1.5.RELEASE.jar:5.1.5.RELEASE]
	at org.springframework.web.servlet.mvc.method.annotation.RequestMappingHandlerAdapter.handleInternal(RequestMappingHandlerAdapter.java:800) ~[spring-webmvc-5.1.5.RELEASE.jar:5.1.5.RELEASE]
	at org.springframework.web.servlet.mvc.method.AbstractHandlerMethodAdapter.handle(AbstractHandlerMethodAdapter.java:87) ~[spring-webmvc-5.1.5.RELEASE.jar:5.1.5.RELEASE]
	at org.springframework.web.servlet.DispatcherServlet.doDispatch(DispatcherServlet.java:1038) ~[spring-webmvc-5.1.5.RELEASE.jar:5.1.5.RELEASE]
	at org.springframework.web.servlet.DispatcherServlet.doService(DispatcherServlet.java:942) ~[spring-webmvc-5.1.5.RELEASE.jar:5.1.5.RELEASE]
	at org.springframework.web.servlet.FrameworkServlet.processRequest(FrameworkServlet.java:1005) ~[spring-webmvc-5.1.5.RELEASE.jar:5.1.5.RELEASE]
	at org.springframework.web.servlet.FrameworkServlet.doGet(FrameworkServlet.java:897) ~[spring-webmvc-5.1.5.RELEASE.jar:5.1.5.RELEASE]
	at javax.servlet.http.HttpServlet.service(HttpServlet.java:634) ~[tomcat-embed-core-9.0.16.jar:9.0.16]
	at org.springframework.web.servlet.FrameworkServlet.service(FrameworkServlet.java:882) ~[spring-webmvc-5.1.5.RELEASE.jar:5.1.5.RELEASE]
	at javax.servlet.http.HttpServlet.service(HttpServlet.java:741) ~[tomcat-embed-core-9.0.16.jar:9.0.16]
	at org.apache.catalina.core.ApplicationFilterChain.internalDoFilter(ApplicationFilterChain.java:231) ~[tomcat-embed-core-9.0.16.jar:9.0.16]
	at org.apache.catalina.core.ApplicationFilterChain.doFilter(ApplicationFilterChain.java:166) ~[tomcat-embed-core-9.0.16.jar:9.0.16]
	at org.apache.tomcat.websocket.server.WsFilter.doFilter(WsFilter.java:53) ~[tomcat-embed-websocket-9.0.16.jar:9.0.16]
	at org.apache.catalina.core.ApplicationFilterChain.internalDoFilter(ApplicationFilterChain.java:193) ~[tomcat-embed-core-9.0.16.jar:9.0.16]
	at org.apache.catalina.core.ApplicationFilterChain.doFilter(ApplicationFilterChain.java:166) ~[tomcat-embed-core-9.0.16.jar:9.0.16]
	at org.springframework.security.web.FilterChainProxy$VirtualFilterChain.doFilter(FilterChainProxy.java:320) ~[spring-security-web-5.1.4.RELEASE.jar:5.1.4.RELEASE]
	at org.springframework.security.web.access.intercept.FilterSecurityInterceptor.invoke(FilterSecurityInterceptor.java:127) ~[spring-security-web-5.1.4.RELEASE.jar:5.1.4.RELEASE]
	at org.springframework.security.web.access.intercept.FilterSecurityInterceptor.doFilter(FilterSecurityInterceptor.java:91) ~[spring-security-web-5.1.4.RELEASE.jar:5.1.4.RELEASE]
	at org.springframework.security.web.FilterChainProxy$VirtualFilterChain.doFilter(FilterChainProxy.java:334) ~[spring-security-web-5.1.4.RELEASE.jar:5.1.4.RELEASE]
	at org.springframework.security.web.access.ExceptionTranslationFilter.doFilter(ExceptionTranslationFilter.java:119) ~[spring-security-web-5.1.4.RELEASE.jar:5.1.4.RELEASE]
	at org.springframework.security.web.FilterChainProxy$VirtualFilterChain.doFilter(FilterChainProxy.java:334) ~[spring-security-web-5.1.4.RELEASE.jar:5.1.4.RELEASE]
	at org.springframework.security.web.session.SessionManagementFilter.doFilter(SessionManagementFilter.java:137) ~[spring-security-web-5.1.4.RELEASE.jar:5.1.4.RELEASE]
	at org.springframework.security.web.FilterChainProxy$VirtualFilterChain.doFilter(FilterChainProxy.java:334) ~[spring-security-web-5.1.4.RELEASE.jar:5.1.4.RELEASE]
	at org.springframework.security.web.authentication.AnonymousAuthenticationFilter.doFilter(AnonymousAuthenticationFilter.java:111) ~[spring-security-web-5.1.4.RELEASE.jar:5.1.4.RELEASE]
	at org.springframework.security.web.FilterChainProxy$VirtualFilterChain.doFilter(FilterChainProxy.java:334) ~[spring-security-web-5.1.4.RELEASE.jar:5.1.4.RELEASE]
	at org.springframework.security.web.servletapi.SecurityContextHolderAwareRequestFilter.doFilter(SecurityContextHolderAwareRequestFilter.java:170) ~[spring-security-web-5.1.4.RELEASE.jar:5.1.4.RELEASE]
	at org.springframework.security.web.FilterChainProxy$VirtualFilterChain.doFilter(FilterChainProxy.java:334) ~[spring-security-web-5.1.4.RELEASE.jar:5.1.4.RELEASE]
	at org.springframework.security.web.savedrequest.RequestCacheAwareFilter.doFilter(RequestCacheAwareFilter.java:63) ~[spring-security-web-5.1.4.RELEASE.jar:5.1.4.RELEASE]
	at org.springframework.security.web.FilterChainProxy$VirtualFilterChain.doFilter(FilterChainProxy.java:334) ~[spring-security-web-5.1.4.RELEASE.jar:5.1.4.RELEASE]
	at org.springframework.security.web.authentication.AbstractAuthenticationProcessingFilter.doFilter(AbstractAuthenticationProcessingFilter.java:200) ~[spring-security-web-5.1.4.RELEASE.jar:5.1.4.RELEASE]
	at org.springframework.security.web.FilterChainProxy$VirtualFilterChain.doFilter(FilterChainProxy.java:334) ~[spring-security-web-5.1.4.RELEASE.jar:5.1.4.RELEASE]
	at org.springframework.security.web.authentication.logout.LogoutFilter.doFilter(LogoutFilter.java:116) ~[spring-security-web-5.1.4.RELEASE.jar:5.1.4.RELEASE]
	at org.springframework.security.web.FilterChainProxy$VirtualFilterChain.doFilter(FilterChainProxy.java:334) ~[spring-security-web-5.1.4.RELEASE.jar:5.1.4.RELEASE]
	at org.springframework.security.web.header.HeaderWriterFilter.doFilterInternal(HeaderWriterFilter.java:74) ~[spring-security-web-5.1.4.RELEASE.jar:5.1.4.RELEASE]
	at org.springframework.web.filter.OncePerRequestFilter.doFilter(OncePerRequestFilter.java:107) ~[spring-web-5.1.5.RELEASE.jar:5.1.5.RELEASE]
	at org.springframework.security.web.FilterChainProxy$VirtualFilterChain.doFilter(FilterChainProxy.java:334) ~[spring-security-web-5.1.4.RELEASE.jar:5.1.4.RELEASE]
	at org.springframework.security.web.context.SecurityContextPersistenceFilter.doFilter(SecurityContextPersistenceFilter.java:105) ~[spring-security-web-5.1.4.RELEASE.jar:5.1.4.RELEASE]
	at org.springframework.security.web.FilterChainProxy$VirtualFilterChain.doFilter(FilterChainProxy.java:334) ~[spring-security-web-5.1.4.RELEASE.jar:5.1.4.RELEASE]
	at org.springframework.security.web.context.request.async.WebAsyncManagerIntegrationFilter.doFilterInternal(WebAsyncManagerIntegrationFilter.java:56) ~[spring-security-web-5.1.4.RELEASE.jar:5.1.4.RELEASE]
	at org.springframework.web.filter.OncePerRequestFilter.doFilter(OncePerRequestFilter.java:107) ~[spring-web-5.1.5.RELEASE.jar:5.1.5.RELEASE]
	at org.springframework.security.web.FilterChainProxy$VirtualFilterChain.doFilter(FilterChainProxy.java:334) ~[spring-security-web-5.1.4.RELEASE.jar:5.1.4.RELEASE]
	at org.springframework.security.web.FilterChainProxy.doFilterInternal(FilterChainProxy.java:215) ~[spring-security-web-5.1.4.RELEASE.jar:5.1.4.RELEASE]
	at org.springframework.security.web.FilterChainProxy.doFilter(FilterChainProxy.java:178) ~[spring-security-web-5.1.4.RELEASE.jar:5.1.4.RELEASE]
	at org.springframework.web.filter.DelegatingFilterProxy.invokeDelegate(DelegatingFilterProxy.java:357) ~[spring-web-5.1.5.RELEASE.jar:5.1.5.RELEASE]
	at org.springframework.web.filter.DelegatingFilterProxy.doFilter(DelegatingFilterProxy.java:270) ~[spring-web-5.1.5.RELEASE.jar:5.1.5.RELEASE]
	at org.apache.catalina.core.ApplicationFilterChain.internalDoFilter(ApplicationFilterChain.java:193) ~[tomcat-embed-core-9.0.16.jar:9.0.16]
	at org.apache.catalina.core.ApplicationFilterChain.doFilter(ApplicationFilterChain.java:166) ~[tomcat-embed-core-9.0.16.jar:9.0.16]
	at org.springframework.web.filter.RequestContextFilter.doFilterInternal(RequestContextFilter.java:99) ~[spring-web-5.1.5.RELEASE.jar:5.1.5.RELEASE]
	at org.springframework.web.filter.OncePerRequestFilter.doFilter(OncePerRequestFilter.java:107) ~[spring-web-5.1.5.RELEASE.jar:5.1.5.RELEASE]
	at org.apache.catalina.core.ApplicationFilterChain.internalDoFilter(ApplicationFilterChain.java:193) ~[tomcat-embed-core-9.0.16.jar:9.0.16]
	at org.apache.catalina.core.ApplicationFilterChain.doFilter(ApplicationFilterChain.java:166) ~[tomcat-embed-core-9.0.16.jar:9.0.16]
	at org.springframework.web.filter.FormContentFilter.doFilterInternal(FormContentFilter.java:92) ~[spring-web-5.1.5.RELEASE.jar:5.1.5.RELEASE]
	at org.springframework.web.filter.OncePerRequestFilter.doFilter(OncePerRequestFilter.java:107) ~[spring-web-5.1.5.RELEASE.jar:5.1.5.RELEASE]
	at org.apache.catalina.core.ApplicationFilterChain.internalDoFilter(ApplicationFilterChain.java:193) ~[tomcat-embed-core-9.0.16.jar:9.0.16]
	at org.apache.catalina.core.ApplicationFilterChain.doFilter(ApplicationFilterChain.java:166) ~[tomcat-embed-core-9.0.16.jar:9.0.16]
	at org.springframework.web.filter.HiddenHttpMethodFilter.doFilterInternal(HiddenHttpMethodFilter.java:93) ~[spring-web-5.1.5.RELEASE.jar:5.1.5.RELEASE]
	at org.springframework.web.filter.OncePerRequestFilter.doFilter(OncePerRequestFilter.java:107) ~[spring-web-5.1.5.RELEASE.jar:5.1.5.RELEASE]
	at org.apache.catalina.core.ApplicationFilterChain.internalDoFilter(ApplicationFilterChain.java:193) ~[tomcat-embed-core-9.0.16.jar:9.0.16]
	at org.apache.catalina.core.ApplicationFilterChain.doFilter(ApplicationFilterChain.java:166) ~[tomcat-embed-core-9.0.16.jar:9.0.16]
	at org.springframework.web.filter.CharacterEncodingFilter.doFilterInternal(CharacterEncodingFilter.java:200) ~[spring-web-5.1.5.RELEASE.jar:5.1.5.RELEASE]
	at org.springframework.web.filter.OncePerRequestFilter.doFilter(OncePerRequestFilter.java:107) ~[spring-web-5.1.5.RELEASE.jar:5.1.5.RELEASE]
	at org.apache.catalina.core.ApplicationFilterChain.internalDoFilter(ApplicationFilterChain.java:193) ~[tomcat-embed-core-9.0.16.jar:9.0.16]
	at org.apache.catalina.core.ApplicationFilterChain.doFilter(ApplicationFilterChain.java:166) ~[tomcat-embed-core-9.0.16.jar:9.0.16]
	at org.apache.catalina.core.StandardWrapperValve.invoke(StandardWrapperValve.java:200) ~[tomcat-embed-core-9.0.16.jar:9.0.16]
	at org.apache.catalina.core.StandardContextValve.invoke(StandardContextValve.java:96) ~[tomcat-embed-core-9.0.16.jar:9.0.16]
	at org.apache.catalina.authenticator.AuthenticatorBase.invoke(AuthenticatorBase.java:490) ~[tomcat-embed-core-9.0.16.jar:9.0.16]
	at org.apache.catalina.core.StandardHostValve.invoke(StandardHostValve.java:139) ~[tomcat-embed-core-9.0.16.jar:9.0.16]
	at org.apache.catalina.valves.ErrorReportValve.invoke(ErrorReportValve.java:92) ~[tomcat-embed-core-9.0.16.jar:9.0.16]
	at org.apache.catalina.core.StandardEngineValve.invoke(StandardEngineValve.java:74) ~[tomcat-embed-core-9.0.16.jar:9.0.16]
	at org.apache.catalina.connector.CoyoteAdapter.service(CoyoteAdapter.java:343) ~[tomcat-embed-core-9.0.16.jar:9.0.16]
	at org.apache.coyote.http11.Http11Processor.service(Http11Processor.java:408) ~[tomcat-embed-core-9.0.16.jar:9.0.16]
	at org.apache.coyote.AbstractProcessorLight.process(AbstractProcessorLight.java:66) ~[tomcat-embed-core-9.0.16.jar:9.0.16]
	at org.apache.coyote.AbstractProtocol$ConnectionHandler.process(AbstractProtocol.java:834) ~[tomcat-embed-core-9.0.16.jar:9.0.16]
	at org.apache.tomcat.util.net.NioEndpoint$SocketProcessor.doRun(NioEndpoint.java:1415) ~[tomcat-embed-core-9.0.16.jar:9.0.16]
	at org.apache.tomcat.util.net.SocketProcessorBase.run(SocketProcessorBase.java:49) ~[tomcat-embed-core-9.0.16.jar:9.0.16]
	at java.base/java.util.concurrent.ThreadPoolExecutor.runWorker(ThreadPoolExecutor.java:1090) ~[na:na]
	at java.base/java.util.concurrent.ThreadPoolExecutor$Worker.run(ThreadPoolExecutor.java:614) ~[na:na]
	at org.apache.tomcat.util.threads.TaskThread$WrappingRunnable.run(TaskThread.java:61) ~[tomcat-embed-core-9.0.16.jar:9.0.16]
	at java.base/java.lang.Thread.run(Thread.java:1474) ~[na:na]

2026-05-07 07:47:38.752 DEBUG 34575 --- [nio-8088-exec-9] o.s.web.servlet.DispatcherServlet        : "ERROR" dispatch for GET "/error", parameters={}
2026-05-07 07:47:38.752 DEBUG 34575 --- [nio-8088-exec-9] s.w.s.m.m.a.RequestMappingHandlerMapping : Mapped to public org.springframework.http.ResponseEntity<java.util.Map<java.lang.String, java.lang.Object>> org.springframework.boot.autoconfigure.web.servlet.error.BasicErrorController.error(javax.servlet.http.HttpServletRequest)
2026-05-07 07:47:38.753 DEBUG 34575 --- [nio-8088-exec-9] o.s.w.s.m.m.a.HttpEntityMethodProcessor  : Using 'application/json', given [*/*] and supported [application/json, application/*+json, application/json, application/*+json]
2026-05-07 07:47:38.753 DEBUG 34575 --- [nio-8088-exec-9] o.s.w.s.m.m.a.HttpEntityMethodProcessor  : Writing [{timestamp=Thu May 07 07:47:38 CEST 2026, status=500, error=Internal Server Error, message=Optional  (truncated)...]
2026-05-07 07:47:38.754 DEBUG 34575 --- [nio-8088-exec-9] o.s.web.servlet.DispatcherServlet        : Exiting from "ERROR" dispatch, status 500
2026-05-07 07:47:38.776 DEBUG 34575 --- [io-8088-exec-10] o.s.web.servlet.DispatcherServlet        : GET "/get-book-details-one", parameters={}
2026-05-07 07:47:38.776 DEBUG 34575 --- [io-8088-exec-10] s.w.s.m.m.a.RequestMappingHandlerMapping : Mapped to public java.lang.String com.verinon.lbm.controller.BookController.getBookDetails(org.springframework.ui.ModelMap,java.lang.String)
2026-05-07 07:47:38.777 DEBUG 34575 --- [io-8088-exec-10] .w.s.m.m.a.ServletInvocableHandlerMethod : Could not resolve parameter [1] in public java.lang.String com.verinon.lbm.controller.BookController.getBookDetails(org.springframework.ui.ModelMap,java.lang.String): Required String parameter 'book_name' is not present
2026-05-07 07:47:38.777  WARN 34575 --- [io-8088-exec-10] .w.s.m.s.DefaultHandlerExceptionResolver : Resolved [org.springframework.web.bind.MissingServletRequestParameterException: Required String parameter 'book_name' is not present]
2026-05-07 07:47:38.777 DEBUG 34575 --- [io-8088-exec-10] o.s.web.servlet.DispatcherServlet        : Completed 400 BAD_REQUEST
2026-05-07 07:47:38.777 DEBUG 34575 --- [io-8088-exec-10] o.s.web.servlet.DispatcherServlet        : "ERROR" dispatch for GET "/error", parameters={}
2026-05-07 07:47:38.777 DEBUG 34575 --- [io-8088-exec-10] s.w.s.m.m.a.RequestMappingHandlerMapping : Mapped to public org.springframework.http.ResponseEntity<java.util.Map<java.lang.String, java.lang.Object>> org.springframework.boot.autoconfigure.web.servlet.error.BasicErrorController.error(javax.servlet.http.HttpServletRequest)
2026-05-07 07:47:38.778 DEBUG 34575 --- [io-8088-exec-10] o.s.w.s.m.m.a.HttpEntityMethodProcessor  : Using 'application/json', given [*/*] and supported [application/json, application/*+json, application/json, application/*+json]
2026-05-07 07:47:38.778 DEBUG 34575 --- [io-8088-exec-10] o.s.w.s.m.m.a.HttpEntityMethodProcessor  : Writing [{timestamp=Thu May 07 07:47:38 CEST 2026, status=400, error=Bad Request, message=Required String par (truncated)...]
2026-05-07 07:47:38.779 DEBUG 34575 --- [io-8088-exec-10] o.s.web.servlet.DispatcherServlet        : Exiting from "ERROR" dispatch, status 400
2026-05-07 07:47:38.801 DEBUG 34575 --- [nio-8088-exec-1] o.s.web.servlet.DispatcherServlet        : POST "/edit-book", parameters={masked}
2026-05-07 07:47:38.801 DEBUG 34575 --- [nio-8088-exec-1] s.w.s.m.m.a.RequestMappingHandlerMapping : Mapped to public java.lang.String com.verinon.lbm.controller.BookController.editBookDetails(int,java.lang.String)
2026-05-07 07:47:38.801 DEBUG 34575 --- [nio-8088-exec-1] .w.s.m.m.a.ServletInvocableHandlerMethod : Could not resolve parameter [1] in public java.lang.String com.verinon.lbm.controller.BookController.editBookDetails(int,java.lang.String): Required String parameter 'bookname' is not present
2026-05-07 07:47:38.801  WARN 34575 --- [nio-8088-exec-1] .w.s.m.s.DefaultHandlerExceptionResolver : Resolved [org.springframework.web.bind.MissingServletRequestParameterException: Required String parameter 'bookname' is not present]
2026-05-07 07:47:38.801 DEBUG 34575 --- [nio-8088-exec-1] o.s.web.servlet.DispatcherServlet        : Completed 400 BAD_REQUEST
2026-05-07 07:47:38.802 DEBUG 34575 --- [nio-8088-exec-1] o.s.web.servlet.DispatcherServlet        : "ERROR" dispatch for POST "/error", parameters={masked}
2026-05-07 07:47:38.802 DEBUG 34575 --- [nio-8088-exec-1] s.w.s.m.m.a.RequestMappingHandlerMapping : Mapped to public org.springframework.http.ResponseEntity<java.util.Map<java.lang.String, java.lang.Object>> org.springframework.boot.autoconfigure.web.servlet.error.BasicErrorController.error(javax.servlet.http.HttpServletRequest)
2026-05-07 07:47:38.803 DEBUG 34575 --- [nio-8088-exec-1] o.s.w.s.m.m.a.HttpEntityMethodProcessor  : Using 'application/json', given [*/*] and supported [application/json, application/*+json, application/json, application/*+json]
2026-05-07 07:47:38.803 DEBUG 34575 --- [nio-8088-exec-1] o.s.w.s.m.m.a.HttpEntityMethodProcessor  : Writing [{timestamp=Thu May 07 07:47:38 CEST 2026, status=400, error=Bad Request, message=Required String par (truncated)...]
2026-05-07 07:47:38.803 DEBUG 34575 --- [nio-8088-exec-1] o.s.web.servlet.DispatcherServlet        : Exiting from "ERROR" dispatch, status 400
2026-05-07 07:47:38.827 DEBUG 34575 --- [nio-8088-exec-2] o.s.web.servlet.DispatcherServlet        : GET "/delete-member", parameters={}
2026-05-07 07:47:38.827 DEBUG 34575 --- [nio-8088-exec-2] s.w.s.m.m.a.RequestMappingHandlerMapping : Mapped to public java.lang.String com.verinon.lbm.controller.MemberController.deleteMemberFromList(int)
2026-05-07 07:47:38.828 DEBUG 34575 --- [nio-8088-exec-2] .w.s.m.m.a.ServletInvocableHandlerMethod : Could not resolve parameter [0] in public java.lang.String com.verinon.lbm.controller.MemberController.deleteMemberFromList(int): Optional int parameter 'id' is present but cannot be translated into a null value due to being declared as a primitive type. Consider declaring it as object wrapper for the corresponding primitive type.
2026-05-07 07:47:38.828 DEBUG 34575 --- [nio-8088-exec-2] o.s.web.servlet.DispatcherServlet        : Failed to complete request: java.lang.IllegalStateException: Optional int parameter 'id' is present but cannot be translated into a null value due to being declared as a primitive type. Consider declaring it as object wrapper for the corresponding primitive type.
2026-05-07 07:47:38.829 ERROR 34575 --- [nio-8088-exec-2] o.a.c.c.C.[.[.[/].[dispatcherServlet]    : Servlet.service() for servlet [dispatcherServlet] in context with path [] threw exception [Request processing failed; nested exception is java.lang.IllegalStateException: Optional int parameter 'id' is present but cannot be translated into a null value due to being declared as a primitive type. Consider declaring it as object wrapper for the corresponding primitive type.] with root cause

java.lang.IllegalStateException: Optional int parameter 'id' is present but cannot be translated into a null value due to being declared as a primitive type. Consider declaring it as object wrapper for the corresponding primitive type.
	at org.springframework.web.method.annotation.AbstractNamedValueMethodArgumentResolver.handleNullValue(AbstractNamedValueMethodArgumentResolver.java:245) ~[spring-web-5.1.5.RELEASE.jar:5.1.5.RELEASE]
	at org.springframework.web.method.annotation.AbstractNamedValueMethodArgumentResolver.resolveArgument(AbstractNamedValueMethodArgumentResolver.java:115) ~[spring-web-5.1.5.RELEASE.jar:5.1.5.RELEASE]
	at org.springframework.web.method.support.HandlerMethodArgumentResolverComposite.resolveArgument(HandlerMethodArgumentResolverComposite.java:126) ~[spring-web-5.1.5.RELEASE.jar:5.1.5.RELEASE]
	at org.springframework.web.method.support.InvocableHandlerMethod.getMethodArgumentValues(InvocableHandlerMethod.java:166) ~[spring-web-5.1.5.RELEASE.jar:5.1.5.RELEASE]
	at org.springframework.web.method.support.InvocableHandlerMethod.invokeForRequest(InvocableHandlerMethod.java:134) ~[spring-web-5.1.5.RELEASE.jar:5.1.5.RELEASE]
	at org.springframework.web.servlet.mvc.method.annotation.ServletInvocableHandlerMethod.invokeAndHandle(ServletInvocableHandlerMethod.java:102) ~[spring-webmvc-5.1.5.RELEASE.jar:5.1.5.RELEASE]
	at org.springframework.web.servlet.mvc.method.annotation.RequestMappingHandlerAdapter.invokeHandlerMethod(RequestMappingHandlerAdapter.java:895) ~[spring-webmvc-5.1.5.RELEASE.jar:5.1.5.RELEASE]
	at org.springframework.web.servlet.mvc.method.annotation.RequestMappingHandlerAdapter.handleInternal(RequestMappingHandlerAdapter.java:800) ~[spring-webmvc-5.1.5.RELEASE.jar:5.1.5.RELEASE]
	at org.springframework.web.servlet.mvc.method.AbstractHandlerMethodAdapter.handle(AbstractHandlerMethodAdapter.java:87) ~[spring-webmvc-5.1.5.RELEASE.jar:5.1.5.RELEASE]
	at org.springframework.web.servlet.DispatcherServlet.doDispatch(DispatcherServlet.java:1038) ~[spring-webmvc-5.1.5.RELEASE.jar:5.1.5.RELEASE]
	at org.springframework.web.servlet.DispatcherServlet.doService(DispatcherServlet.java:942) ~[spring-webmvc-5.1.5.RELEASE.jar:5.1.5.RELEASE]
	at org.springframework.web.servlet.FrameworkServlet.processRequest(FrameworkServlet.java:1005) ~[spring-webmvc-5.1.5.RELEASE.jar:5.1.5.RELEASE]
	at org.springframework.web.servlet.FrameworkServlet.doGet(FrameworkServlet.java:897) ~[spring-webmvc-5.1.5.RELEASE.jar:5.1.5.RELEASE]
	at javax.servlet.http.HttpServlet.service(HttpServlet.java:634) ~[tomcat-embed-core-9.0.16.jar:9.0.16]
	at org.springframework.web.servlet.FrameworkServlet.service(FrameworkServlet.java:882) ~[spring-webmvc-5.1.5.RELEASE.jar:5.1.5.RELEASE]
	at javax.servlet.http.HttpServlet.service(HttpServlet.java:741) ~[tomcat-embed-core-9.0.16.jar:9.0.16]
	at org.apache.catalina.core.ApplicationFilterChain.internalDoFilter(ApplicationFilterChain.java:231) ~[tomcat-embed-core-9.0.16.jar:9.0.16]
	at org.apache.catalina.core.ApplicationFilterChain.doFilter(ApplicationFilterChain.java:166) ~[tomcat-embed-core-9.0.16.jar:9.0.16]
	at org.apache.tomcat.websocket.server.WsFilter.doFilter(WsFilter.java:53) ~[tomcat-embed-websocket-9.0.16.jar:9.0.16]
	at org.apache.catalina.core.ApplicationFilterChain.internalDoFilter(ApplicationFilterChain.java:193) ~[tomcat-embed-core-9.0.16.jar:9.0.16]
	at org.apache.catalina.core.ApplicationFilterChain.doFilter(ApplicationFilterChain.java:166) ~[tomcat-embed-core-9.0.16.jar:9.0.16]
	at org.springframework.security.web.FilterChainProxy$VirtualFilterChain.doFilter(FilterChainProxy.java:320) ~[spring-security-web-5.1.4.RELEASE.jar:5.1.4.RELEASE]
	at org.springframework.security.web.access.intercept.FilterSecurityInterceptor.invoke(FilterSecurityInterceptor.java:127) ~[spring-security-web-5.1.4.RELEASE.jar:5.1.4.RELEASE]
	at org.springframework.security.web.access.intercept.FilterSecurityInterceptor.doFilter(FilterSecurityInterceptor.java:91) ~[spring-security-web-5.1.4.RELEASE.jar:5.1.4.RELEASE]
	at org.springframework.security.web.FilterChainProxy$VirtualFilterChain.doFilter(FilterChainProxy.java:334) ~[spring-security-web-5.1.4.RELEASE.jar:5.1.4.RELEASE]
	at org.springframework.security.web.access.ExceptionTranslationFilter.doFilter(ExceptionTranslationFilter.java:119) ~[spring-security-web-5.1.4.RELEASE.jar:5.1.4.RELEASE]
	at org.springframework.security.web.FilterChainProxy$VirtualFilterChain.doFilter(FilterChainProxy.java:334) ~[spring-security-web-5.1.4.RELEASE.jar:5.1.4.RELEASE]
	at org.springframework.security.web.session.SessionManagementFilter.doFilter(SessionManagementFilter.java:137) ~[spring-security-web-5.1.4.RELEASE.jar:5.1.4.RELEASE]
	at org.springframework.security.web.FilterChainProxy$VirtualFilterChain.doFilter(FilterChainProxy.java:334) ~[spring-security-web-5.1.4.RELEASE.jar:5.1.4.RELEASE]
	at org.springframework.security.web.authentication.AnonymousAuthenticationFilter.doFilter(AnonymousAuthenticationFilter.java:111) ~[spring-security-web-5.1.4.RELEASE.jar:5.1.4.RELEASE]
	at org.springframework.security.web.FilterChainProxy$VirtualFilterChain.doFilter(FilterChainProxy.java:334) ~[spring-security-web-5.1.4.RELEASE.jar:5.1.4.RELEASE]
	at org.springframework.security.web.servletapi.SecurityContextHolderAwareRequestFilter.doFilter(SecurityContextHolderAwareRequestFilter.java:170) ~[spring-security-web-5.1.4.RELEASE.jar:5.1.4.RELEASE]
	at org.springframework.security.web.FilterChainProxy$VirtualFilterChain.doFilter(FilterChainProxy.java:334) ~[spring-security-web-5.1.4.RELEASE.jar:5.1.4.RELEASE]
	at org.springframework.security.web.savedrequest.RequestCacheAwareFilter.doFilter(RequestCacheAwareFilter.java:63) ~[spring-security-web-5.1.4.RELEASE.jar:5.1.4.RELEASE]
	at org.springframework.security.web.FilterChainProxy$VirtualFilterChain.doFilter(FilterChainProxy.java:334) ~[spring-security-web-5.1.4.RELEASE.jar:5.1.4.RELEASE]
	at org.springframework.security.web.authentication.AbstractAuthenticationProcessingFilter.doFilter(AbstractAuthenticationProcessingFilter.java:200) ~[spring-security-web-5.1.4.RELEASE.jar:5.1.4.RELEASE]
	at org.springframework.security.web.FilterChainProxy$VirtualFilterChain.doFilter(FilterChainProxy.java:334) ~[spring-security-web-5.1.4.RELEASE.jar:5.1.4.RELEASE]
	at org.springframework.security.web.authentication.logout.LogoutFilter.doFilter(LogoutFilter.java:116) ~[spring-security-web-5.1.4.RELEASE.jar:5.1.4.RELEASE]
	at org.springframework.security.web.FilterChainProxy$VirtualFilterChain.doFilter(FilterChainProxy.java:334) ~[spring-security-web-5.1.4.RELEASE.jar:5.1.4.RELEASE]
	at org.springframework.security.web.header.HeaderWriterFilter.doFilterInternal(HeaderWriterFilter.java:74) ~[spring-security-web-5.1.4.RELEASE.jar:5.1.4.RELEASE]
	at org.springframework.web.filter.OncePerRequestFilter.doFilter(OncePerRequestFilter.java:107) ~[spring-web-5.1.5.RELEASE.jar:5.1.5.RELEASE]
	at org.springframework.security.web.FilterChainProxy$VirtualFilterChain.doFilter(FilterChainProxy.java:334) ~[spring-security-web-5.1.4.RELEASE.jar:5.1.4.RELEASE]
	at org.springframework.security.web.context.SecurityContextPersistenceFilter.doFilter(SecurityContextPersistenceFilter.java:105) ~[spring-security-web-5.1.4.RELEASE.jar:5.1.4.RELEASE]
	at org.springframework.security.web.FilterChainProxy$VirtualFilterChain.doFilter(FilterChainProxy.java:334) ~[spring-security-web-5.1.4.RELEASE.jar:5.1.4.RELEASE]
	at org.springframework.security.web.context.request.async.WebAsyncManagerIntegrationFilter.doFilterInternal(WebAsyncManagerIntegrationFilter.java:56) ~[spring-security-web-5.1.4.RELEASE.jar:5.1.4.RELEASE]
	at org.springframework.web.filter.OncePerRequestFilter.doFilter(OncePerRequestFilter.java:107) ~[spring-web-5.1.5.RELEASE.jar:5.1.5.RELEASE]
	at org.springframework.security.web.FilterChainProxy$VirtualFilterChain.doFilter(FilterChainProxy.java:334) ~[spring-security-web-5.1.4.RELEASE.jar:5.1.4.RELEASE]
	at org.springframework.security.web.FilterChainProxy.doFilterInternal(FilterChainProxy.java:215) ~[spring-security-web-5.1.4.RELEASE.jar:5.1.4.RELEASE]
	at org.springframework.security.web.FilterChainProxy.doFilter(FilterChainProxy.java:178) ~[spring-security-web-5.1.4.RELEASE.jar:5.1.4.RELEASE]
	at org.springframework.web.filter.DelegatingFilterProxy.invokeDelegate(DelegatingFilterProxy.java:357) ~[spring-web-5.1.5.RELEASE.jar:5.1.5.RELEASE]
	at org.springframework.web.filter.DelegatingFilterProxy.doFilter(DelegatingFilterProxy.java:270) ~[spring-web-5.1.5.RELEASE.jar:5.1.5.RELEASE]
	at org.apache.catalina.core.ApplicationFilterChain.internalDoFilter(ApplicationFilterChain.java:193) ~[tomcat-embed-core-9.0.16.jar:9.0.16]
	at org.apache.catalina.core.ApplicationFilterChain.doFilter(ApplicationFilterChain.java:166) ~[tomcat-embed-core-9.0.16.jar:9.0.16]
	at org.springframework.web.filter.RequestContextFilter.doFilterInternal(RequestContextFilter.java:99) ~[spring-web-5.1.5.RELEASE.jar:5.1.5.RELEASE]
	at org.springframework.web.filter.OncePerRequestFilter.doFilter(OncePerRequestFilter.java:107) ~[spring-web-5.1.5.RELEASE.jar:5.1.5.RELEASE]
	at org.apache.catalina.core.ApplicationFilterChain.internalDoFilter(ApplicationFilterChain.java:193) ~[tomcat-embed-core-9.0.16.jar:9.0.16]
	at org.apache.catalina.core.ApplicationFilterChain.doFilter(ApplicationFilterChain.java:166) ~[tomcat-embed-core-9.0.16.jar:9.0.16]
	at org.springframework.web.filter.FormContentFilter.doFilterInternal(FormContentFilter.java:92) ~[spring-web-5.1.5.RELEASE.jar:5.1.5.RELEASE]
	at org.springframework.web.filter.OncePerRequestFilter.doFilter(OncePerRequestFilter.java:107) ~[spring-web-5.1.5.RELEASE.jar:5.1.5.RELEASE]
	at org.apache.catalina.core.ApplicationFilterChain.internalDoFilter(ApplicationFilterChain.java:193) ~[tomcat-embed-core-9.0.16.jar:9.0.16]
	at org.apache.catalina.core.ApplicationFilterChain.doFilter(ApplicationFilterChain.java:166) ~[tomcat-embed-core-9.0.16.jar:9.0.16]
	at org.springframework.web.filter.HiddenHttpMethodFilter.doFilterInternal(HiddenHttpMethodFilter.java:93) ~[spring-web-5.1.5.RELEASE.jar:5.1.5.RELEASE]
	at org.springframework.web.filter.OncePerRequestFilter.doFilter(OncePerRequestFilter.java:107) ~[spring-web-5.1.5.RELEASE.jar:5.1.5.RELEASE]
	at org.apache.catalina.core.ApplicationFilterChain.internalDoFilter(ApplicationFilterChain.java:193) ~[tomcat-embed-core-9.0.16.jar:9.0.16]
	at org.apache.catalina.core.ApplicationFilterChain.doFilter(ApplicationFilterChain.java:166) ~[tomcat-embed-core-9.0.16.jar:9.0.16]
	at org.springframework.web.filter.CharacterEncodingFilter.doFilterInternal(CharacterEncodingFilter.java:200) ~[spring-web-5.1.5.RELEASE.jar:5.1.5.RELEASE]
	at org.springframework.web.filter.OncePerRequestFilter.doFilter(OncePerRequestFilter.java:107) ~[spring-web-5.1.5.RELEASE.jar:5.1.5.RELEASE]
	at org.apache.catalina.core.ApplicationFilterChain.internalDoFilter(ApplicationFilterChain.java:193) ~[tomcat-embed-core-9.0.16.jar:9.0.16]
	at org.apache.catalina.core.ApplicationFilterChain.doFilter(ApplicationFilterChain.java:166) ~[tomcat-embed-core-9.0.16.jar:9.0.16]
	at org.apache.catalina.core.StandardWrapperValve.invoke(StandardWrapperValve.java:200) ~[tomcat-embed-core-9.0.16.jar:9.0.16]
	at org.apache.catalina.core.StandardContextValve.invoke(StandardContextValve.java:96) ~[tomcat-embed-core-9.0.16.jar:9.0.16]
	at org.apache.catalina.authenticator.AuthenticatorBase.invoke(AuthenticatorBase.java:490) ~[tomcat-embed-core-9.0.16.jar:9.0.16]
	at org.apache.catalina.core.StandardHostValve.invoke(StandardHostValve.java:139) ~[tomcat-embed-core-9.0.16.jar:9.0.16]
	at org.apache.catalina.valves.ErrorReportValve.invoke(ErrorReportValve.java:92) ~[tomcat-embed-core-9.0.16.jar:9.0.16]
	at org.apache.catalina.core.StandardEngineValve.invoke(StandardEngineValve.java:74) ~[tomcat-embed-core-9.0.16.jar:9.0.16]
	at org.apache.catalina.connector.CoyoteAdapter.service(CoyoteAdapter.java:343) ~[tomcat-embed-core-9.0.16.jar:9.0.16]
	at org.apache.coyote.http11.Http11Processor.service(Http11Processor.java:408) ~[tomcat-embed-core-9.0.16.jar:9.0.16]
	at org.apache.coyote.AbstractProcessorLight.process(AbstractProcessorLight.java:66) ~[tomcat-embed-core-9.0.16.jar:9.0.16]
	at org.apache.coyote.AbstractProtocol$ConnectionHandler.process(AbstractProtocol.java:834) ~[tomcat-embed-core-9.0.16.jar:9.0.16]
	at org.apache.tomcat.util.net.NioEndpoint$SocketProcessor.doRun(NioEndpoint.java:1415) ~[tomcat-embed-core-9.0.16.jar:9.0.16]
	at org.apache.tomcat.util.net.SocketProcessorBase.run(SocketProcessorBase.java:49) ~[tomcat-embed-core-9.0.16.jar:9.0.16]
	at java.base/java.util.concurrent.ThreadPoolExecutor.runWorker(ThreadPoolExecutor.java:1090) ~[na:na]
	at java.base/java.util.concurrent.ThreadPoolExecutor$Worker.run(ThreadPoolExecutor.java:614) ~[na:na]
	at org.apache.tomcat.util.threads.TaskThread$WrappingRunnable.run(TaskThread.java:61) ~[tomcat-embed-core-9.0.16.jar:9.0.16]
	at java.base/java.lang.Thread.run(Thread.java:1474) ~[na:na]

2026-05-07 07:47:38.829 DEBUG 34575 --- [nio-8088-exec-2] o.s.web.servlet.DispatcherServlet        : "ERROR" dispatch for GET "/error", parameters={}
2026-05-07 07:47:38.829 DEBUG 34575 --- [nio-8088-exec-2] s.w.s.m.m.a.RequestMappingHandlerMapping : Mapped to public org.springframework.http.ResponseEntity<java.util.Map<java.lang.String, java.lang.Object>> org.springframework.boot.autoconfigure.web.servlet.error.BasicErrorController.error(javax.servlet.http.HttpServletRequest)
2026-05-07 07:47:38.830 DEBUG 34575 --- [nio-8088-exec-2] o.s.w.s.m.m.a.HttpEntityMethodProcessor  : Using 'application/json', given [*/*] and supported [application/json, application/*+json, application/json, application/*+json]
2026-05-07 07:47:38.830 DEBUG 34575 --- [nio-8088-exec-2] o.s.w.s.m.m.a.HttpEntityMethodProcessor  : Writing [{timestamp=Thu May 07 07:47:38 CEST 2026, status=500, error=Internal Server Error, message=Optional  (truncated)...]
2026-05-07 07:47:38.830 DEBUG 34575 --- [nio-8088-exec-2] o.s.web.servlet.DispatcherServlet        : Exiting from "ERROR" dispatch, status 500
2026-05-07 07:47:38.856 DEBUG 34575 --- [nio-8088-exec-3] o.s.web.servlet.DispatcherServlet        : GET "/get-member-details-one", parameters={}
2026-05-07 07:47:38.857 DEBUG 34575 --- [nio-8088-exec-3] s.w.s.m.m.a.RequestMappingHandlerMapping : Mapped to public java.lang.String com.verinon.lbm.controller.MemberController.getBookDetails(org.springframework.ui.ModelMap,java.lang.String)
2026-05-07 07:47:38.857 DEBUG 34575 --- [nio-8088-exec-3] .w.s.m.m.a.ServletInvocableHandlerMethod : Could not resolve parameter [1] in public java.lang.String com.verinon.lbm.controller.MemberController.getBookDetails(org.springframework.ui.ModelMap,java.lang.String): Required String parameter 'member_name' is not present
2026-05-07 07:47:38.857  WARN 34575 --- [nio-8088-exec-3] .w.s.m.s.DefaultHandlerExceptionResolver : Resolved [org.springframework.web.bind.MissingServletRequestParameterException: Required String parameter 'member_name' is not present]
2026-05-07 07:47:38.858 DEBUG 34575 --- [nio-8088-exec-3] o.s.web.servlet.DispatcherServlet        : Completed 400 BAD_REQUEST
2026-05-07 07:47:38.858 DEBUG 34575 --- [nio-8088-exec-3] o.s.web.servlet.DispatcherServlet        : "ERROR" dispatch for GET "/error", parameters={}
2026-05-07 07:47:38.858 DEBUG 34575 --- [nio-8088-exec-3] s.w.s.m.m.a.RequestMappingHandlerMapping : Mapped to public org.springframework.http.ResponseEntity<java.util.Map<java.lang.String, java.lang.Object>> org.springframework.boot.autoconfigure.web.servlet.error.BasicErrorController.error(javax.servlet.http.HttpServletRequest)
2026-05-07 07:47:38.858 DEBUG 34575 --- [nio-8088-exec-3] o.s.w.s.m.m.a.HttpEntityMethodProcessor  : Using 'application/json', given [*/*] and supported [application/json, application/*+json, application/json, application/*+json]
2026-05-07 07:47:38.858 DEBUG 34575 --- [nio-8088-exec-3] o.s.w.s.m.m.a.HttpEntityMethodProcessor  : Writing [{timestamp=Thu May 07 07:47:38 CEST 2026, status=400, error=Bad Request, message=Required String par (truncated)...]
2026-05-07 07:47:38.859 DEBUG 34575 --- [nio-8088-exec-3] o.s.web.servlet.DispatcherServlet        : Exiting from "ERROR" dispatch, status 400
2026-05-07 07:47:38.902 DEBUG 34575 --- [nio-8088-exec-4] o.s.web.servlet.DispatcherServlet        : POST "/edit-member", parameters={masked}
2026-05-07 07:47:38.903 DEBUG 34575 --- [nio-8088-exec-4] s.w.s.m.m.a.RequestMappingHandlerMapping : Mapped to public java.lang.String com.verinon.lbm.controller.MemberController.editMemberDetails(int,java.lang.String,java.lang.String,java.lang.String,int)
2026-05-07 07:47:38.904 DEBUG 34575 --- [nio-8088-exec-4] .w.s.m.m.a.ServletInvocableHandlerMethod : Could not resolve parameter [4] in public java.lang.String com.verinon.lbm.controller.MemberController.editMemberDetails(int,java.lang.String,java.lang.String,java.lang.String,int): Required int parameter 'memberage' is not present
2026-05-07 07:47:38.904  WARN 34575 --- [nio-8088-exec-4] .w.s.m.s.DefaultHandlerExceptionResolver : Resolved [org.springframework.web.bind.MissingServletRequestParameterException: Required int parameter 'memberage' is not present]
2026-05-07 07:47:38.904 DEBUG 34575 --- [nio-8088-exec-4] o.s.web.servlet.DispatcherServlet        : Completed 400 BAD_REQUEST
2026-05-07 07:47:38.905 DEBUG 34575 --- [nio-8088-exec-4] o.s.web.servlet.DispatcherServlet        : "ERROR" dispatch for POST "/error", parameters={masked}
2026-05-07 07:47:38.905 DEBUG 34575 --- [nio-8088-exec-4] s.w.s.m.m.a.RequestMappingHandlerMapping : Mapped to public org.springframework.http.ResponseEntity<java.util.Map<java.lang.String, java.lang.Object>> org.springframework.boot.autoconfigure.web.servlet.error.BasicErrorController.error(javax.servlet.http.HttpServletRequest)
2026-05-07 07:47:38.906 DEBUG 34575 --- [nio-8088-exec-4] o.s.w.s.m.m.a.HttpEntityMethodProcessor  : Using 'application/json', given [*/*] and supported [application/json, application/*+json, application/json, application/*+json]
2026-05-07 07:47:38.906 DEBUG 34575 --- [nio-8088-exec-4] o.s.w.s.m.m.a.HttpEntityMethodProcessor  : Writing [{timestamp=Thu May 07 07:47:38 CEST 2026, status=400, error=Bad Request, message=Required int parame (truncated)...]
2026-05-07 07:47:38.906 DEBUG 34575 --- [nio-8088-exec-4] o.s.web.servlet.DispatcherServlet        : Exiting from "ERROR" dispatch, status 400
2026-05-07 07:47:38.933 DEBUG 34575 --- [nio-8088-exec-5] o.s.web.servlet.DispatcherServlet        : GET "/set-returndate", parameters={}
2026-05-07 07:47:38.934 DEBUG 34575 --- [nio-8088-exec-5] s.w.s.m.m.a.RequestMappingHandlerMapping : Mapped to public java.lang.String com.verinon.lbm.controller.BookController.setReturnDate(java.lang.String,org.springframework.ui.ModelMap)
2026-05-07 07:47:38.934 DEBUG 34575 --- [nio-8088-exec-5] .w.s.m.m.a.ServletInvocableHandlerMethod : Could not resolve parameter [0] in public java.lang.String com.verinon.lbm.controller.BookController.setReturnDate(java.lang.String,org.springframework.ui.ModelMap): Required String parameter 'member' is not present
2026-05-07 07:47:38.934  WARN 34575 --- [nio-8088-exec-5] .w.s.m.s.DefaultHandlerExceptionResolver : Resolved [org.springframework.web.bind.MissingServletRequestParameterException: Required String parameter 'member' is not present]
2026-05-07 07:47:38.934 DEBUG 34575 --- [nio-8088-exec-5] o.s.web.servlet.DispatcherServlet        : Completed 400 BAD_REQUEST
2026-05-07 07:47:38.935 DEBUG 34575 --- [nio-8088-exec-5] o.s.web.servlet.DispatcherServlet        : "ERROR" dispatch for GET "/error", parameters={}
2026-05-07 07:47:38.935 DEBUG 34575 --- [nio-8088-exec-5] s.w.s.m.m.a.RequestMappingHandlerMapping : Mapped to public org.springframework.http.ResponseEntity<java.util.Map<java.lang.String, java.lang.Object>> org.springframework.boot.autoconfigure.web.servlet.error.BasicErrorController.error(javax.servlet.http.HttpServletRequest)
2026-05-07 07:47:38.936 DEBUG 34575 --- [nio-8088-exec-5] o.s.w.s.m.m.a.HttpEntityMethodProcessor  : Using 'application/json', given [*/*] and supported [application/json, application/*+json, application/json, application/*+json]
2026-05-07 07:47:38.936 DEBUG 34575 --- [nio-8088-exec-5] o.s.w.s.m.m.a.HttpEntityMethodProcessor  : Writing [{timestamp=Thu May 07 07:47:38 CEST 2026, status=400, error=Bad Request, message=Required String par (truncated)...]
2026-05-07 07:47:38.936 DEBUG 34575 --- [nio-8088-exec-5] o.s.web.servlet.DispatcherServlet        : Exiting from "ERROR" dispatch, status 400
2026-05-07 07:47:38.958 DEBUG 34575 --- [nio-8088-exec-6] o.s.web.servlet.DispatcherServlet        : GET "/del-smartbs", parameters={}
2026-05-07 07:47:38.958 DEBUG 34575 --- [nio-8088-exec-6] s.w.s.m.m.a.RequestMappingHandlerMapping : Mapped to public java.lang.String com.verinon.lbm.controller.BookController.whenReturnBook(java.lang.String,org.springframework.ui.ModelMap)
2026-05-07 07:47:38.958 DEBUG 34575 --- [nio-8088-exec-6] .w.s.m.m.a.ServletInvocableHandlerMethod : Could not resolve parameter [0] in public java.lang.String com.verinon.lbm.controller.BookController.whenReturnBook(java.lang.String,org.springframework.ui.ModelMap): Required String parameter 'name' is not present
2026-05-07 07:47:38.958  WARN 34575 --- [nio-8088-exec-6] .w.s.m.s.DefaultHandlerExceptionResolver : Resolved [org.springframework.web.bind.MissingServletRequestParameterException: Required String parameter 'name' is not present]
2026-05-07 07:47:38.958 DEBUG 34575 --- [nio-8088-exec-6] o.s.web.servlet.DispatcherServlet        : Completed 400 BAD_REQUEST
2026-05-07 07:47:38.959 DEBUG 34575 --- [nio-8088-exec-6] o.s.web.servlet.DispatcherServlet        : "ERROR" dispatch for GET "/error", parameters={}
2026-05-07 07:47:38.959 DEBUG 34575 --- [nio-8088-exec-6] s.w.s.m.m.a.RequestMappingHandlerMapping : Mapped to public org.springframework.http.ResponseEntity<java.util.Map<java.lang.String, java.lang.Object>> org.springframework.boot.autoconfigure.web.servlet.error.BasicErrorController.error(javax.servlet.http.HttpServletRequest)
2026-05-07 07:47:38.959 DEBUG 34575 --- [nio-8088-exec-6] o.s.w.s.m.m.a.HttpEntityMethodProcessor  : Using 'application/json', given [*/*] and supported [application/json, application/*+json, application/json, application/*+json]
2026-05-07 07:47:38.959 DEBUG 34575 --- [nio-8088-exec-6] o.s.w.s.m.m.a.HttpEntityMethodProcessor  : Writing [{timestamp=Thu May 07 07:47:38 CEST 2026, status=400, error=Bad Request, message=Required String par (truncated)...]
2026-05-07 07:47:38.959 DEBUG 34575 --- [nio-8088-exec-6] o.s.web.servlet.DispatcherServlet        : Exiting from "ERROR" dispatch, status 400
2026-05-07 07:47:38.977 DEBUG 34575 --- [nio-8088-exec-7] o.s.web.servlet.DispatcherServlet        : POST "/sml-main", parameters={masked}
2026-05-07 07:47:38.977 DEBUG 34575 --- [nio-8088-exec-7] s.w.s.m.m.a.RequestMappingHandlerMapping : Mapped to public java.lang.String com.verinon.lbm.controller.BookController.forBookBarrow(org.springframework.ui.ModelMap,java.lang.String,java.lang.String,java.lang.String,java.lang.String)
2026-05-07 07:47:38.978 DEBUG 34575 --- [nio-8088-exec-7] .w.s.m.m.a.ServletInvocableHandlerMethod : Could not resolve parameter [3] in public java.lang.String com.verinon.lbm.controller.BookController.forBookBarrow(org.springframework.ui.ModelMap,java.lang.String,java.lang.String,java.lang.String,java.lang.String): Required String parameter 'bookName2' is not present
2026-05-07 07:47:38.978  WARN 34575 --- [nio-8088-exec-7] .w.s.m.s.DefaultHandlerExceptionResolver : Resolved [org.springframework.web.bind.MissingServletRequestParameterException: Required String parameter 'bookName2' is not present]
2026-05-07 07:47:38.978 DEBUG 34575 --- [nio-8088-exec-7] o.s.web.servlet.DispatcherServlet        : Completed 400 BAD_REQUEST
2026-05-07 07:47:38.978 DEBUG 34575 --- [nio-8088-exec-7] o.s.web.servlet.DispatcherServlet        : "ERROR" dispatch for POST "/error", parameters={masked}
2026-05-07 07:47:38.978 DEBUG 34575 --- [nio-8088-exec-7] s.w.s.m.m.a.RequestMappingHandlerMapping : Mapped to public org.springframework.http.ResponseEntity<java.util.Map<java.lang.String, java.lang.Object>> org.springframework.boot.autoconfigure.web.servlet.error.BasicErrorController.error(javax.servlet.http.HttpServletRequest)
2026-05-07 07:47:38.979 DEBUG 34575 --- [nio-8088-exec-7] o.s.w.s.m.m.a.HttpEntityMethodProcessor  : Using 'application/json', given [*/*] and supported [application/json, application/*+json, application/json, application/*+json]
2026-05-07 07:47:38.979 DEBUG 34575 --- [nio-8088-exec-7] o.s.w.s.m.m.a.HttpEntityMethodProcessor  : Writing [{timestamp=Thu May 07 07:47:38 CEST 2026, status=400, error=Bad Request, message=Required String par (truncated)...]
2026-05-07 07:47:38.979 DEBUG 34575 --- [nio-8088-exec-7] o.s.web.servlet.DispatcherServlet        : Exiting from "ERROR" dispatch, status 400
2026-05-07 07:47:39.000 DEBUG 34575 --- [nio-8088-exec-8] o.s.web.servlet.DispatcherServlet        : GET "/delete-book?id=-1", parameters={masked}
2026-05-07 07:47:39.000 DEBUG 34575 --- [nio-8088-exec-8] s.w.s.m.m.a.RequestMappingHandlerMapping : Mapped to public java.lang.String com.verinon.lbm.controller.BookController.deleteBookFromList(int)
2026-05-07 07:47:39.002 DEBUG 34575 --- [nio-8088-exec-8] o.s.web.servlet.view.RedirectView        : View name 'redirect:', model {}
2026-05-07 07:47:39.002 DEBUG 34575 --- [nio-8088-exec-8] o.s.web.servlet.DispatcherServlet        : Completed 302 FOUND
2026-05-07 07:47:39.022 DEBUG 34575 --- [io-8088-exec-10] o.s.web.servlet.DispatcherServlet        : GET "/delete-book?id=99999", parameters={masked}
2026-05-07 07:47:39.022 DEBUG 34575 --- [io-8088-exec-10] s.w.s.m.m.a.RequestMappingHandlerMapping : Mapped to public java.lang.String com.verinon.lbm.controller.BookController.deleteBookFromList(int)
2026-05-07 07:47:39.022 DEBUG 34575 --- [io-8088-exec-10] o.s.web.servlet.view.RedirectView        : View name 'redirect:', model {}
2026-05-07 07:47:39.022 DEBUG 34575 --- [io-8088-exec-10] o.s.web.servlet.DispatcherServlet        : Completed 302 FOUND
2026-05-07 07:47:39.046 DEBUG 34575 --- [nio-8088-exec-2] o.s.web.servlet.DispatcherServlet        : POST "/edit-book", parameters={masked}
2026-05-07 07:47:39.046 DEBUG 34575 --- [nio-8088-exec-2] s.w.s.m.m.a.RequestMappingHandlerMapping : Mapped to public java.lang.String com.verinon.lbm.controller.BookController.editBookDetails(int,java.lang.String)
2026-05-07 07:47:39.047 DEBUG 34575 --- [nio-8088-exec-2] o.s.web.servlet.view.RedirectView        : View name 'redirect:', model {}
2026-05-07 07:47:39.047 DEBUG 34575 --- [nio-8088-exec-2] o.s.web.servlet.DispatcherServlet        : Completed 302 FOUND
2026-05-07 07:47:39.070 DEBUG 34575 --- [nio-8088-exec-4] o.s.web.servlet.DispatcherServlet        : POST "/add-book", parameters={masked}
2026-05-07 07:47:39.070 DEBUG 34575 --- [nio-8088-exec-4] s.w.s.m.m.a.RequestMappingHandlerMapping : Mapped to public java.lang.String com.verinon.lbm.controller.BookController.addBooks(org.springframework.ui.ModelMap,com.verinon.lbm.pojos.BookPojo)
2026-05-07 07:47:39.071 DEBUG 34575 --- [nio-8088-exec-4] .w.s.m.m.a.ServletInvocableHandlerMethod : Could not resolve parameter [1] in public java.lang.String com.verinon.lbm.controller.BookController.addBooks(org.springframework.ui.ModelMap,com.verinon.lbm.pojos.BookPojo): org.springframework.validation.BeanPropertyBindingResult: 1 errors
Field error in object 'bookPojo' on field 'book_published': rejected value [2024-01-01]; codes [typeMismatch.bookPojo.book_published,typeMismatch.book_published,typeMismatch.java.util.Date,typeMismatch]; arguments [org.springframework.context.support.DefaultMessageSourceResolvable: codes [bookPojo.book_published,book_published]; arguments []; default message [book_published]]; default message [Failed to convert property value of type 'java.lang.String' to required type 'java.util.Date' for property 'book_published'; nested exception is org.springframework.core.convert.ConversionFailedException: Failed to convert from type [java.lang.String] to type [java.util.Date] for value '2024-01-01'; nested exception is java.lang.IllegalArgumentException]
2026-05-07 07:47:39.071  WARN 34575 --- [nio-8088-exec-4] .w.s.m.s.DefaultHandlerExceptionResolver : Resolved [org.springframework.validation.BindException: org.springframework.validation.BeanPropertyBindingResult: 1 errors
Field error in object 'bookPojo' on field 'book_published': rejected value [2024-01-01]; codes [typeMismatch.bookPojo.book_published,typeMismatch.book_published,typeMismatch.java.util.Date,typeMismatch]; arguments [org.springframework.context.support.DefaultMessageSourceResolvable: codes [bookPojo.book_published,book_published]; arguments []; default message [book_published]]; default message [Failed to convert property value of type 'java.lang.String' to required type 'java.util.Date' for property 'book_published'; nested exception is org.springframework.core.convert.ConversionFailedException: Failed to convert from type [java.lang.String] to type [java.util.Date] for value '2024-01-01'; nested exception is java.lang.IllegalArgumentException]]
2026-05-07 07:47:39.071 DEBUG 34575 --- [nio-8088-exec-4] o.s.web.servlet.DispatcherServlet        : Completed 400 BAD_REQUEST
2026-05-07 07:47:39.072 DEBUG 34575 --- [nio-8088-exec-4] o.s.web.servlet.DispatcherServlet        : "ERROR" dispatch for POST "/error", parameters={masked}
2026-05-07 07:47:39.072 DEBUG 34575 --- [nio-8088-exec-4] s.w.s.m.m.a.RequestMappingHandlerMapping : Mapped to public org.springframework.http.ResponseEntity<java.util.Map<java.lang.String, java.lang.Object>> org.springframework.boot.autoconfigure.web.servlet.error.BasicErrorController.error(javax.servlet.http.HttpServletRequest)
2026-05-07 07:47:39.072 DEBUG 34575 --- [nio-8088-exec-4] o.s.w.s.m.m.a.HttpEntityMethodProcessor  : Using 'application/json', given [*/*] and supported [application/json, application/*+json, application/json, application/*+json]
2026-05-07 07:47:39.072 DEBUG 34575 --- [nio-8088-exec-4] o.s.w.s.m.m.a.HttpEntityMethodProcessor  : Writing [{timestamp=Thu May 07 07:47:39 CEST 2026, status=400, error=Bad Request, errors=[Field error in obje (truncated)...]
2026-05-07 07:47:39.073 DEBUG 34575 --- [nio-8088-exec-4] o.s.web.servlet.DispatcherServlet        : Exiting from "ERROR" dispatch, status 400
2026-05-07 07:47:39.095 DEBUG 34575 --- [nio-8088-exec-5] o.s.web.servlet.DispatcherServlet        : POST "/add-book", parameters={masked}
2026-05-07 07:47:39.096 DEBUG 34575 --- [nio-8088-exec-5] s.w.s.m.m.a.RequestMappingHandlerMapping : Mapped to public java.lang.String com.verinon.lbm.controller.BookController.addBooks(org.springframework.ui.ModelMap,com.verinon.lbm.pojos.BookPojo)
2026-05-07 07:47:39.096 DEBUG 34575 --- [nio-8088-exec-5] .w.s.m.m.a.ServletInvocableHandlerMethod : Could not resolve parameter [1] in public java.lang.String com.verinon.lbm.controller.BookController.addBooks(org.springframework.ui.ModelMap,com.verinon.lbm.pojos.BookPojo): org.springframework.validation.BeanPropertyBindingResult: 2 errors
Field error in object 'bookPojo' on field 'book_published': rejected value []; codes [typeMismatch.bookPojo.book_published,typeMismatch.book_published,typeMismatch.java.util.Date,typeMismatch]; arguments [org.springframework.context.support.DefaultMessageSourceResolvable: codes [bookPojo.book_published,book_published]; arguments []; default message [book_published]]; default message [Failed to convert property value of type 'java.lang.String' to required type 'java.util.Date' for property 'book_published'; nested exception is org.springframework.core.convert.ConversionFailedException: Failed to convert from type [java.lang.String] to type [java.util.Date] for value ''; nested exception is java.lang.IllegalArgumentException]
Field error in object 'bookPojo' on field 'is_book_available': rejected value []; codes [typeMismatch.bookPojo.is_book_available,typeMismatch.is_book_available,typeMismatch.boolean,typeMismatch]; arguments [org.springframework.context.support.DefaultMessageSourceResolvable: codes [bookPojo.is_book_available,is_book_available]; arguments []; default message [is_book_available]]; default message [Failed to convert property value of type 'java.lang.String' to required type 'boolean' for property 'is_book_available'; nested exception is java.lang.IllegalArgumentException: Invalid boolean value []]
2026-05-07 07:47:39.096  WARN 34575 --- [nio-8088-exec-5] .w.s.m.s.DefaultHandlerExceptionResolver : Resolved [org.springframework.validation.BindException: org.springframework.validation.BeanPropertyBindingResult: 2 errors
Field error in object 'bookPojo' on field 'book_published': rejected value []; codes [typeMismatch.bookPojo.book_published,typeMismatch.book_published,typeMismatch.java.util.Date,typeMismatch]; arguments [org.springframework.context.support.DefaultMessageSourceResolvable: codes [bookPojo.book_published,book_published]; arguments []; default message [book_published]]; default message [Failed to convert property value of type 'java.lang.String' to required type 'java.util.Date' for property 'book_published'; nested exception is org.springframework.core.convert.ConversionFailedException: Failed to convert from type [java.lang.String] to type [java.util.Date] for value ''; nested exception is java.lang.IllegalArgumentException]
Field error in object 'bookPojo' on field 'is_book_available': rejected value []; codes [typeMismatch.bookPojo.is_book_available,typeMismatch.is_book_available,typeMismatch.boolean,typeMismatch]; arguments [org.springframework.context.support.DefaultMessageSourceResolvable: codes [bookPojo.is_book_available,is_book_available]; arguments []; default message [is_book_available]]; default message [Failed to convert property value of type 'java.lang.String' to required type 'boolean' for property 'is_book_available'; nested exception is java.lang.IllegalArgumentException: Invalid boolean value []]]
2026-05-07 07:47:39.097 DEBUG 34575 --- [nio-8088-exec-5] o.s.web.servlet.DispatcherServlet        : Completed 400 BAD_REQUEST
2026-05-07 07:47:39.097 DEBUG 34575 --- [nio-8088-exec-5] o.s.web.servlet.DispatcherServlet        : "ERROR" dispatch for POST "/error", parameters={masked}
2026-05-07 07:47:39.097 DEBUG 34575 --- [nio-8088-exec-5] s.w.s.m.m.a.RequestMappingHandlerMapping : Mapped to public org.springframework.http.ResponseEntity<java.util.Map<java.lang.String, java.lang.Object>> org.springframework.boot.autoconfigure.web.servlet.error.BasicErrorController.error(javax.servlet.http.HttpServletRequest)
2026-05-07 07:47:39.097 DEBUG 34575 --- [nio-8088-exec-5] o.s.w.s.m.m.a.HttpEntityMethodProcessor  : Using 'application/json', given [*/*] and supported [application/json, application/*+json, application/json, application/*+json]
2026-05-07 07:47:39.097 DEBUG 34575 --- [nio-8088-exec-5] o.s.w.s.m.m.a.HttpEntityMethodProcessor  : Writing [{timestamp=Thu May 07 07:47:39 CEST 2026, status=400, error=Bad Request, errors=[Field error in obje (truncated)...]
2026-05-07 07:47:39.098 DEBUG 34575 --- [nio-8088-exec-5] o.s.web.servlet.DispatcherServlet        : Exiting from "ERROR" dispatch, status 400
2026-05-07 07:47:39.186 DEBUG 34575 --- [nio-8088-exec-6] o.s.web.servlet.DispatcherServlet        : POST "/add-book", parameters={masked}
2026-05-07 07:47:39.186 DEBUG 34575 --- [nio-8088-exec-6] s.w.s.m.m.a.RequestMappingHandlerMapping : Mapped to public java.lang.String com.verinon.lbm.controller.BookController.addBooks(org.springframework.ui.ModelMap,com.verinon.lbm.pojos.BookPojo)
2026-05-07 07:47:39.187 DEBUG 34575 --- [nio-8088-exec-6] .w.s.m.m.a.ServletInvocableHandlerMethod : Could not resolve parameter [1] in public java.lang.String com.verinon.lbm.controller.BookController.addBooks(org.springframework.ui.ModelMap,com.verinon.lbm.pojos.BookPojo): org.springframework.validation.BeanPropertyBindingResult: 1 errors
Field error in object 'bookPojo' on field 'book_published': rejected value [2024-01-01]; codes [typeMismatch.bookPojo.book_published,typeMismatch.book_published,typeMismatch.java.util.Date,typeMismatch]; arguments [org.springframework.context.support.DefaultMessageSourceResolvable: codes [bookPojo.book_published,book_published]; arguments []; default message [book_published]]; default message [Failed to convert property value of type 'java.lang.String' to required type 'java.util.Date' for property 'book_published'; nested exception is org.springframework.core.convert.ConversionFailedException: Failed to convert from type [java.lang.String] to type [java.util.Date] for value '2024-01-01'; nested exception is java.lang.IllegalArgumentException]
2026-05-07 07:47:39.187  WARN 34575 --- [nio-8088-exec-6] .w.s.m.s.DefaultHandlerExceptionResolver : Resolved [org.springframework.validation.BindException: org.springframework.validation.BeanPropertyBindingResult: 1 errors
Field error in object 'bookPojo' on field 'book_published': rejected value [2024-01-01]; codes [typeMismatch.bookPojo.book_published,typeMismatch.book_published,typeMismatch.java.util.Date,typeMismatch]; arguments [org.springframework.context.support.DefaultMessageSourceResolvable: codes [bookPojo.book_published,book_published]; arguments []; default message [book_published]]; default message [Failed to convert property value of type 'java.lang.String' to required type 'java.util.Date' for property 'book_published'; nested exception is org.springframework.core.convert.ConversionFailedException: Failed to convert from type [java.lang.String] to type [java.util.Date] for value '2024-01-01'; nested exception is java.lang.IllegalArgumentException]]
2026-05-07 07:47:39.187 DEBUG 34575 --- [nio-8088-exec-6] o.s.web.servlet.DispatcherServlet        : Completed 400 BAD_REQUEST
2026-05-07 07:47:39.187 DEBUG 34575 --- [nio-8088-exec-6] o.s.web.servlet.DispatcherServlet        : "ERROR" dispatch for POST "/error", parameters={masked}
2026-05-07 07:47:39.187 DEBUG 34575 --- [nio-8088-exec-6] s.w.s.m.m.a.RequestMappingHandlerMapping : Mapped to public org.springframework.http.ResponseEntity<java.util.Map<java.lang.String, java.lang.Object>> org.springframework.boot.autoconfigure.web.servlet.error.BasicErrorController.error(javax.servlet.http.HttpServletRequest)
2026-05-07 07:47:39.188 DEBUG 34575 --- [nio-8088-exec-6] o.s.w.s.m.m.a.HttpEntityMethodProcessor  : Using 'application/json', given [*/*] and supported [application/json, application/*+json, application/json, application/*+json]
2026-05-07 07:47:39.188 DEBUG 34575 --- [nio-8088-exec-6] o.s.w.s.m.m.a.HttpEntityMethodProcessor  : Writing [{timestamp=Thu May 07 07:47:39 CEST 2026, status=400, error=Bad Request, errors=[Field error in obje (truncated)...]
2026-05-07 07:47:39.188 DEBUG 34575 --- [nio-8088-exec-6] o.s.web.servlet.DispatcherServlet        : Exiting from "ERROR" dispatch, status 400
2026-05-07 07:47:39.205 DEBUG 34575 --- [nio-8088-exec-7] o.s.web.servlet.DispatcherServlet        : GET "/get-book-details-one?book_name=C", parameters={masked}
2026-05-07 07:47:39.205 DEBUG 34575 --- [nio-8088-exec-7] s.w.s.m.m.a.RequestMappingHandlerMapping : Mapped to public java.lang.String com.verinon.lbm.controller.BookController.getBookDetails(org.springframework.ui.ModelMap,java.lang.String)
2026-05-07 07:47:39.206 DEBUG 34575 --- [nio-8088-exec-7] o.s.w.s.v.ContentNegotiatingViewResolver : Selected '*/*' given [*/*]
2026-05-07 07:47:39.206 DEBUG 34575 --- [nio-8088-exec-7] o.s.web.servlet.view.JstlView            : View name 'getbookdetails', model {clickbook=null, error=No Subjects are available}
2026-05-07 07:47:39.206 DEBUG 34575 --- [nio-8088-exec-7] o.s.web.servlet.view.JstlView            : Forwarding to [/WEB-INF/jsps/getbookdetails.jsp]
2026-05-07 07:47:39.235 DEBUG 34575 --- [nio-8088-exec-7] o.s.web.servlet.DispatcherServlet        : Completed 200 OK
2026-05-07 07:47:39.253 DEBUG 34575 --- [nio-8088-exec-9] o.s.web.servlet.DispatcherServlet        : GET "/get-book-details-one?book_name=", parameters={masked}
2026-05-07 07:47:39.253 DEBUG 34575 --- [nio-8088-exec-9] s.w.s.m.m.a.RequestMappingHandlerMapping : Mapped to public java.lang.String com.verinon.lbm.controller.BookController.getBookDetails(org.springframework.ui.ModelMap,java.lang.String)
2026-05-07 07:47:39.253 DEBUG 34575 --- [nio-8088-exec-9] o.s.w.s.v.ContentNegotiatingViewResolver : Selected '*/*' given [*/*]
2026-05-07 07:47:39.253 DEBUG 34575 --- [nio-8088-exec-9] o.s.web.servlet.view.JstlView            : View name 'getbookdetails', model {clickbook=BookPojo{book_id=1, book_name='', book_authors='DenniesRich', book_price=150.25, book_dept='ComputerScience', book_published=Thu May 07 07:46:31 CEST 2026, book_date_of_barrow=Thu May 07 07:46:31 CEST 2026, book_date_of_return=Thu May 07 07:46:31 CEST 2026, is_book_available=true}, error=No Subjects are available, org.springframework.validation.BindingResult.clickbook=org.springframework.validation.BeanPropertyBindingResult: 0 errors}
2026-05-07 07:47:39.253 DEBUG 34575 --- [nio-8088-exec-9] o.s.web.servlet.view.JstlView            : Forwarding to [/WEB-INF/jsps/getbookdetails.jsp]
2026-05-07 07:47:39.254 DEBUG 34575 --- [nio-8088-exec-9] o.s.web.servlet.DispatcherServlet        : Completed 200 OK
2026-05-07 07:47:39.273 DEBUG 34575 --- [nio-8088-exec-1] o.s.web.servlet.DispatcherServlet        : GET "/delete-member?id=abc", parameters={masked}
2026-05-07 07:47:39.273 DEBUG 34575 --- [nio-8088-exec-1] s.w.s.m.m.a.RequestMappingHandlerMapping : Mapped to public java.lang.String com.verinon.lbm.controller.MemberController.deleteMemberFromList(int)
2026-05-07 07:47:39.273 DEBUG 34575 --- [nio-8088-exec-1] .w.s.m.m.a.ServletInvocableHandlerMethod : Could not resolve parameter [0] in public java.lang.String com.verinon.lbm.controller.MemberController.deleteMemberFromList(int): Failed to convert value of type 'java.lang.String' to required type 'int'; nested exception is java.lang.NumberFormatException: For input string: "abc"
2026-05-07 07:47:39.274  WARN 34575 --- [nio-8088-exec-1] .w.s.m.s.DefaultHandlerExceptionResolver : Resolved [org.springframework.web.method.annotation.MethodArgumentTypeMismatchException: Failed to convert value of type 'java.lang.String' to required type 'int'; nested exception is java.lang.NumberFormatException: For input string: "abc"]
2026-05-07 07:47:39.274 DEBUG 34575 --- [nio-8088-exec-1] o.s.web.servlet.DispatcherServlet        : Completed 400 BAD_REQUEST
2026-05-07 07:47:39.274 DEBUG 34575 --- [nio-8088-exec-1] o.s.web.servlet.DispatcherServlet        : "ERROR" dispatch for GET "/error?id=abc", parameters={masked}
2026-05-07 07:47:39.274 DEBUG 34575 --- [nio-8088-exec-1] s.w.s.m.m.a.RequestMappingHandlerMapping : Mapped to public org.springframework.http.ResponseEntity<java.util.Map<java.lang.String, java.lang.Object>> org.springframework.boot.autoconfigure.web.servlet.error.BasicErrorController.error(javax.servlet.http.HttpServletRequest)
2026-05-07 07:47:39.275 DEBUG 34575 --- [nio-8088-exec-1] o.s.w.s.m.m.a.HttpEntityMethodProcessor  : Using 'application/json', given [*/*] and supported [application/json, application/*+json, application/json, application/*+json]
2026-05-07 07:47:39.275 DEBUG 34575 --- [nio-8088-exec-1] o.s.w.s.m.m.a.HttpEntityMethodProcessor  : Writing [{timestamp=Thu May 07 07:47:39 CEST 2026, status=400, error=Bad Request, message=Failed to convert v (truncated)...]
2026-05-07 07:47:39.275 DEBUG 34575 --- [nio-8088-exec-1] o.s.web.servlet.DispatcherServlet        : Exiting from "ERROR" dispatch, status 400
2026-05-07 07:47:39.294 DEBUG 34575 --- [nio-8088-exec-2] o.s.web.servlet.DispatcherServlet        : POST "/edit-member", parameters={masked}
2026-05-07 07:47:39.294 DEBUG 34575 --- [nio-8088-exec-2] s.w.s.m.m.a.RequestMappingHandlerMapping : Mapped to public java.lang.String com.verinon.lbm.controller.MemberController.editMemberDetails(int,java.lang.String,java.lang.String,java.lang.String,int)
2026-05-07 07:47:39.295 DEBUG 34575 --- [nio-8088-exec-2] .w.s.m.m.a.ServletInvocableHandlerMethod : Could not resolve parameter [4] in public java.lang.String com.verinon.lbm.controller.MemberController.editMemberDetails(int,java.lang.String,java.lang.String,java.lang.String,int): Failed to convert value of type 'java.lang.String' to required type 'int'; nested exception is java.lang.NumberFormatException: For input string: "notAnInt"
2026-05-07 07:47:39.295  WARN 34575 --- [nio-8088-exec-2] .w.s.m.s.DefaultHandlerExceptionResolver : Resolved [org.springframework.web.method.annotation.MethodArgumentTypeMismatchException: Failed to convert value of type 'java.lang.String' to required type 'int'; nested exception is java.lang.NumberFormatException: For input string: "notAnInt"]
2026-05-07 07:47:39.295 DEBUG 34575 --- [nio-8088-exec-2] o.s.web.servlet.DispatcherServlet        : Completed 400 BAD_REQUEST
2026-05-07 07:47:39.295 DEBUG 34575 --- [nio-8088-exec-2] o.s.web.servlet.DispatcherServlet        : "ERROR" dispatch for POST "/error", parameters={masked}
2026-05-07 07:47:39.295 DEBUG 34575 --- [nio-8088-exec-2] s.w.s.m.m.a.RequestMappingHandlerMapping : Mapped to public org.springframework.http.ResponseEntity<java.util.Map<java.lang.String, java.lang.Object>> org.springframework.boot.autoconfigure.web.servlet.error.BasicErrorController.error(javax.servlet.http.HttpServletRequest)
2026-05-07 07:47:39.296 DEBUG 34575 --- [nio-8088-exec-2] o.s.w.s.m.m.a.HttpEntityMethodProcessor  : Using 'application/json', given [*/*] and supported [application/json, application/*+json, application/json, application/*+json]
2026-05-07 07:47:39.296 DEBUG 34575 --- [nio-8088-exec-2] o.s.w.s.m.m.a.HttpEntityMethodProcessor  : Writing [{timestamp=Thu May 07 07:47:39 CEST 2026, status=400, error=Bad Request, message=Failed to convert v (truncated)...]
2026-05-07 07:47:39.296 DEBUG 34575 --- [nio-8088-exec-2] o.s.web.servlet.DispatcherServlet        : Exiting from "ERROR" dispatch, status 400
2026-05-07 07:47:39.316 DEBUG 34575 --- [nio-8088-exec-3] o.s.web.servlet.DispatcherServlet        : POST "/add-member", parameters={masked}
2026-05-07 07:47:39.316 DEBUG 34575 --- [nio-8088-exec-3] s.w.s.m.m.a.RequestMappingHandlerMapping : Mapped to public java.lang.String com.verinon.lbm.controller.MemberController.addMemberSuccess(org.springframework.ui.ModelMap,com.verinon.lbm.pojos.MemberPojo)
2026-05-07 07:47:39.320 DEBUG 34575 --- [nio-8088-exec-3] o.s.web.servlet.view.RedirectView        : View name 'redirect:', model {}
2026-05-07 07:47:39.320 DEBUG 34575 --- [nio-8088-exec-3] o.s.web.servlet.DispatcherServlet        : Completed 302 FOUND
2026-05-07 07:47:39.341 DEBUG 34575 --- [nio-8088-exec-5] o.s.web.servlet.DispatcherServlet        : POST "/add-member", parameters={masked}
2026-05-07 07:47:39.341 DEBUG 34575 --- [nio-8088-exec-5] s.w.s.m.m.a.RequestMappingHandlerMapping : Mapped to public java.lang.String com.verinon.lbm.controller.MemberController.addMemberSuccess(org.springframework.ui.ModelMap,com.verinon.lbm.pojos.MemberPojo)
2026-05-07 07:47:39.342 DEBUG 34575 --- [nio-8088-exec-5] .w.s.m.m.a.ServletInvocableHandlerMethod : Could not resolve parameter [1] in public java.lang.String com.verinon.lbm.controller.MemberController.addMemberSuccess(org.springframework.ui.ModelMap,com.verinon.lbm.pojos.MemberPojo): org.springframework.validation.BeanPropertyBindingResult: 1 errors
Field error in object 'memberPojo' on field 'member_phone_number': rejected value [99999999999999999999]; codes [typeMismatch.memberPojo.member_phone_number,typeMismatch.member_phone_number,typeMismatch.long,typeMismatch]; arguments [org.springframework.context.support.DefaultMessageSourceResolvable: codes [memberPojo.member_phone_number,member_phone_number]; arguments []; default message [member_phone_number]]; default message [Failed to convert property value of type 'java.lang.String' to required type 'long' for property 'member_phone_number'; nested exception is java.lang.NumberFormatException: For input string: "99999999999999999999"]
2026-05-07 07:47:39.342  WARN 34575 --- [nio-8088-exec-5] .w.s.m.s.DefaultHandlerExceptionResolver : Resolved [org.springframework.validation.BindException: org.springframework.validation.BeanPropertyBindingResult: 1 errors
Field error in object 'memberPojo' on field 'member_phone_number': rejected value [99999999999999999999]; codes [typeMismatch.memberPojo.member_phone_number,typeMismatch.member_phone_number,typeMismatch.long,typeMismatch]; arguments [org.springframework.context.support.DefaultMessageSourceResolvable: codes [memberPojo.member_phone_number,member_phone_number]; arguments []; default message [member_phone_number]]; default message [Failed to convert property value of type 'java.lang.String' to required type 'long' for property 'member_phone_number'; nested exception is java.lang.NumberFormatException: For input string: "99999999999999999999"]]
2026-05-07 07:47:39.342 DEBUG 34575 --- [nio-8088-exec-5] o.s.web.servlet.DispatcherServlet        : Completed 400 BAD_REQUEST
2026-05-07 07:47:39.342 DEBUG 34575 --- [nio-8088-exec-5] o.s.web.servlet.DispatcherServlet        : "ERROR" dispatch for POST "/error", parameters={masked}
2026-05-07 07:47:39.342 DEBUG 34575 --- [nio-8088-exec-5] s.w.s.m.m.a.RequestMappingHandlerMapping : Mapped to public org.springframework.http.ResponseEntity<java.util.Map<java.lang.String, java.lang.Object>> org.springframework.boot.autoconfigure.web.servlet.error.BasicErrorController.error(javax.servlet.http.HttpServletRequest)
2026-05-07 07:47:39.343 DEBUG 34575 --- [nio-8088-exec-5] o.s.w.s.m.m.a.HttpEntityMethodProcessor  : Using 'application/json', given [*/*] and supported [application/json, application/*+json, application/json, application/*+json]
2026-05-07 07:47:39.343 DEBUG 34575 --- [nio-8088-exec-5] o.s.w.s.m.m.a.HttpEntityMethodProcessor  : Writing [{timestamp=Thu May 07 07:47:39 CEST 2026, status=400, error=Bad Request, errors=[Field error in obje (truncated)...]
2026-05-07 07:47:39.344 DEBUG 34575 --- [nio-8088-exec-5] o.s.web.servlet.DispatcherServlet        : Exiting from "ERROR" dispatch, status 400
2026-05-07 07:47:39.366 DEBUG 34575 --- [nio-8088-exec-6] o.s.web.servlet.DispatcherServlet        : POST "/add-member", parameters={masked}
2026-05-07 07:47:39.366 DEBUG 34575 --- [nio-8088-exec-6] s.w.s.m.m.a.RequestMappingHandlerMapping : Mapped to public java.lang.String com.verinon.lbm.controller.MemberController.addMemberSuccess(org.springframework.ui.ModelMap,com.verinon.lbm.pojos.MemberPojo)
2026-05-07 07:47:39.366 DEBUG 34575 --- [nio-8088-exec-6] .w.s.m.m.a.ServletInvocableHandlerMethod : Could not resolve parameter [1] in public java.lang.String com.verinon.lbm.controller.MemberController.addMemberSuccess(org.springframework.ui.ModelMap,com.verinon.lbm.pojos.MemberPojo): org.springframework.validation.BeanPropertyBindingResult: 2 errors
Field error in object 'memberPojo' on field 'member_age': rejected value []; codes [typeMismatch.memberPojo.member_age,typeMismatch.member_age,typeMismatch.int,typeMismatch]; arguments [org.springframework.context.support.DefaultMessageSourceResolvable: codes [memberPojo.member_age,member_age]; arguments []; default message [member_age]]; default message [Failed to convert property value of type 'java.lang.String' to required type 'int' for property 'member_age'; nested exception is java.lang.NumberFormatException: For input string: ""]
Field error in object 'memberPojo' on field 'member_phone_number': rejected value []; codes [typeMismatch.memberPojo.member_phone_number,typeMismatch.member_phone_number,typeMismatch.long,typeMismatch]; arguments [org.springframework.context.support.DefaultMessageSourceResolvable: codes [memberPojo.member_phone_number,member_phone_number]; arguments []; default message [member_phone_number]]; default message [Failed to convert property value of type 'java.lang.String' to required type 'long' for property 'member_phone_number'; nested exception is java.lang.NumberFormatException: For input string: ""]
2026-05-07 07:47:39.366  WARN 34575 --- [nio-8088-exec-6] .w.s.m.s.DefaultHandlerExceptionResolver : Resolved [org.springframework.validation.BindException: org.springframework.validation.BeanPropertyBindingResult: 2 errors
Field error in object 'memberPojo' on field 'member_age': rejected value []; codes [typeMismatch.memberPojo.member_age,typeMismatch.member_age,typeMismatch.int,typeMismatch]; arguments [org.springframework.context.support.DefaultMessageSourceResolvable: codes [memberPojo.member_age,member_age]; arguments []; default message [member_age]]; default message [Failed to convert property value of type 'java.lang.String' to required type 'int' for property 'member_age'; nested exception is java.lang.NumberFormatException: For input string: ""]
Field error in object 'memberPojo' on field 'member_phone_number': rejected value []; codes [typeMismatch.memberPojo.member_phone_number,typeMismatch.member_phone_number,typeMismatch.long,typeMismatch]; arguments [org.springframework.context.support.DefaultMessageSourceResolvable: codes [memberPojo.member_phone_number,member_phone_number]; arguments []; default message [member_phone_number]]; default message [Failed to convert property value of type 'java.lang.String' to required type 'long' for property 'member_phone_number'; nested exception is java.lang.NumberFormatException: For input string: ""]]
2026-05-07 07:47:39.367 DEBUG 34575 --- [nio-8088-exec-6] o.s.web.servlet.DispatcherServlet        : Completed 400 BAD_REQUEST
2026-05-07 07:47:39.367 DEBUG 34575 --- [nio-8088-exec-6] o.s.web.servlet.DispatcherServlet        : "ERROR" dispatch for POST "/error", parameters={masked}
2026-05-07 07:47:39.367 DEBUG 34575 --- [nio-8088-exec-6] s.w.s.m.m.a.RequestMappingHandlerMapping : Mapped to public org.springframework.http.ResponseEntity<java.util.Map<java.lang.String, java.lang.Object>> org.springframework.boot.autoconfigure.web.servlet.error.BasicErrorController.error(javax.servlet.http.HttpServletRequest)
2026-05-07 07:47:39.367 DEBUG 34575 --- [nio-8088-exec-6] o.s.w.s.m.m.a.HttpEntityMethodProcessor  : Using 'application/json', given [*/*] and supported [application/json, application/*+json, application/json, application/*+json]
2026-05-07 07:47:39.367 DEBUG 34575 --- [nio-8088-exec-6] o.s.w.s.m.m.a.HttpEntityMethodProcessor  : Writing [{timestamp=Thu May 07 07:47:39 CEST 2026, status=400, error=Bad Request, errors=[Field error in obje (truncated)...]
2026-05-07 07:47:39.368 DEBUG 34575 --- [nio-8088-exec-6] o.s.web.servlet.DispatcherServlet        : Exiting from "ERROR" dispatch, status 400
2026-05-07 07:47:39.386 DEBUG 34575 --- [nio-8088-exec-7] o.s.web.servlet.DispatcherServlet        : GET "/get-member-details-one?member_name=", parameters={masked}
2026-05-07 07:47:39.386 DEBUG 34575 --- [nio-8088-exec-7] s.w.s.m.m.a.RequestMappingHandlerMapping : Mapped to public java.lang.String com.verinon.lbm.controller.MemberController.getBookDetails(org.springframework.ui.ModelMap,java.lang.String)
2026-05-07 07:47:39.387 DEBUG 34575 --- [nio-8088-exec-7] o.s.w.s.v.ContentNegotiatingViewResolver : Selected '*/*' given [*/*]
2026-05-07 07:47:39.387 DEBUG 34575 --- [nio-8088-exec-7] o.s.web.servlet.view.JstlView            : View name 'getMemberDetails', model {clickmember=null, error=No Subjects are available}
2026-05-07 07:47:39.387 DEBUG 34575 --- [nio-8088-exec-7] o.s.web.servlet.view.JstlView            : Forwarding to [/WEB-INF/jsps/getMemberDetails.jsp]
2026-05-07 07:47:39.409 DEBUG 34575 --- [nio-8088-exec-7] o.s.web.servlet.DispatcherServlet        : Completed 200 OK
2026-05-07 07:47:39.432 DEBUG 34575 --- [nio-8088-exec-8] o.s.web.servlet.DispatcherServlet        : POST "/sml-main", parameters={masked}
2026-05-07 07:47:39.432 DEBUG 34575 --- [nio-8088-exec-8] s.w.s.m.m.a.RequestMappingHandlerMapping : Mapped to public java.lang.String com.verinon.lbm.controller.BookController.forBookBarrow(org.springframework.ui.ModelMap,java.lang.String,java.lang.String,java.lang.String,java.lang.String)
2026-05-07 07:47:39.432 DEBUG 34575 --- [nio-8088-exec-8] .w.s.m.m.a.ServletInvocableHandlerMethod : Could not resolve parameter [1] in public java.lang.String com.verinon.lbm.controller.BookController.forBookBarrow(org.springframework.ui.ModelMap,java.lang.String,java.lang.String,java.lang.String,java.lang.String): Required String parameter 'memberName' is not present
2026-05-07 07:47:39.432  WARN 34575 --- [nio-8088-exec-8] .w.s.m.s.DefaultHandlerExceptionResolver : Resolved [org.springframework.web.bind.MissingServletRequestParameterException: Required String parameter 'memberName' is not present]
2026-05-07 07:47:39.432 DEBUG 34575 --- [nio-8088-exec-8] o.s.web.servlet.DispatcherServlet        : Completed 400 BAD_REQUEST
2026-05-07 07:47:39.432 DEBUG 34575 --- [nio-8088-exec-8] o.s.web.servlet.DispatcherServlet        : "ERROR" dispatch for POST "/error", parameters={masked}
2026-05-07 07:47:39.432 DEBUG 34575 --- [nio-8088-exec-8] s.w.s.m.m.a.RequestMappingHandlerMapping : Mapped to public org.springframework.http.ResponseEntity<java.util.Map<java.lang.String, java.lang.Object>> org.springframework.boot.autoconfigure.web.servlet.error.BasicErrorController.error(javax.servlet.http.HttpServletRequest)
2026-05-07 07:47:39.433 DEBUG 34575 --- [nio-8088-exec-8] o.s.w.s.m.m.a.HttpEntityMethodProcessor  : Using 'application/json', given [*/*] and supported [application/json, application/*+json, application/json, application/*+json]
2026-05-07 07:47:39.433 DEBUG 34575 --- [nio-8088-exec-8] o.s.w.s.m.m.a.HttpEntityMethodProcessor  : Writing [{timestamp=Thu May 07 07:47:39 CEST 2026, status=400, error=Bad Request, message=Required String par (truncated)...]
2026-05-07 07:47:39.433 DEBUG 34575 --- [nio-8088-exec-8] o.s.web.servlet.DispatcherServlet        : Exiting from "ERROR" dispatch, status 400
2026-05-07 07:47:39.450 DEBUG 34575 --- [nio-8088-exec-9] o.s.web.servlet.DispatcherServlet        : POST "/sml-main", parameters={masked}
2026-05-07 07:47:39.450 DEBUG 34575 --- [nio-8088-exec-9] s.w.s.m.m.a.RequestMappingHandlerMapping : Mapped to public java.lang.String com.verinon.lbm.controller.BookController.forBookBarrow(org.springframework.ui.ModelMap,java.lang.String,java.lang.String,java.lang.String,java.lang.String)
2026-05-07 07:47:39.451 DEBUG 34575 --- [nio-8088-exec-9] o.s.w.s.v.ContentNegotiatingViewResolver : Selected '*/*' given [*/*]
2026-05-07 07:47:39.451 DEBUG 34575 --- [nio-8088-exec-9] o.s.web.servlet.view.JstlView            : View name 'SmartShowBarrow', model {data=[SmartBookSystem{bookName='C', bookName2='C', bookName3='C', memberName='Name A', dateOfBooked=Thu May 07 07:47:39 CEST 2026, dateOfReturn=null}]}
2026-05-07 07:47:39.451 DEBUG 34575 --- [nio-8088-exec-9] o.s.web.servlet.view.JstlView            : Forwarding to [/WEB-INF/jsps/SmartShowBarrow.jsp]
2026-05-07 07:47:39.483 DEBUG 34575 --- [nio-8088-exec-9] o.s.web.servlet.DispatcherServlet        : Completed 200 OK
2026-05-07 07:47:39.512 DEBUG 34575 --- [nio-8088-exec-1] o.s.web.servlet.DispatcherServlet        : POST "/sml-main", parameters={masked}
2026-05-07 07:47:39.512 DEBUG 34575 --- [nio-8088-exec-1] s.w.s.m.m.a.RequestMappingHandlerMapping : Mapped to public java.lang.String com.verinon.lbm.controller.BookController.forBookBarrow(org.springframework.ui.ModelMap,java.lang.String,java.lang.String,java.lang.String,java.lang.String)
2026-05-07 07:47:39.512 DEBUG 34575 --- [nio-8088-exec-1] o.s.w.s.v.ContentNegotiatingViewResolver : Selected '*/*' given [*/*]
2026-05-07 07:47:39.512 DEBUG 34575 --- [nio-8088-exec-1] o.s.web.servlet.view.JstlView            : View name 'SmartShowBarrow', model {data=[SmartBookSystem{bookName='C', bookName2='C', bookName3='C', memberName='Name A', dateOfBooked=Thu May 07 07:47:39 CEST 2026, dateOfReturn=null}, SmartBookSystem{bookName='C', bookName2='', bookName3='', memberName='GhostMember', dateOfBooked=Thu May 07 07:47:39 CEST 2026, dateOfReturn=null}]}
2026-05-07 07:47:39.513 DEBUG 34575 --- [nio-8088-exec-1] o.s.web.servlet.view.JstlView            : Forwarding to [/WEB-INF/jsps/SmartShowBarrow.jsp]
2026-05-07 07:47:39.513 DEBUG 34575 --- [nio-8088-exec-1] o.s.web.servlet.DispatcherServlet        : Completed 200 OK
2026-05-07 07:47:39.533 DEBUG 34575 --- [nio-8088-exec-3] o.s.web.servlet.DispatcherServlet        : GET "/del-smartbs?name=GhostMember", parameters={masked}
2026-05-07 07:47:39.534 DEBUG 34575 --- [nio-8088-exec-3] s.w.s.m.m.a.RequestMappingHandlerMapping : Mapped to public java.lang.String com.verinon.lbm.controller.BookController.whenReturnBook(java.lang.String,org.springframework.ui.ModelMap)
2026-05-07 07:47:39.535 DEBUG 34575 --- [nio-8088-exec-3] o.s.web.servlet.view.RedirectView        : View name 'redirect:', model {}
2026-05-07 07:47:39.535 DEBUG 34575 --- [nio-8088-exec-3] o.s.web.servlet.DispatcherServlet        : Completed 302 FOUND
2026-05-07 07:47:39.554 DEBUG 34575 --- [nio-8088-exec-5] o.s.web.servlet.DispatcherServlet        : GET "/set-returndate?member=GhostMember", parameters={masked}
2026-05-07 07:47:39.555 DEBUG 34575 --- [nio-8088-exec-5] s.w.s.m.m.a.RequestMappingHandlerMapping : Mapped to public java.lang.String com.verinon.lbm.controller.BookController.setReturnDate(java.lang.String,org.springframework.ui.ModelMap)
2026-05-07 07:47:39.555 DEBUG 34575 --- [nio-8088-exec-5] o.s.web.servlet.view.RedirectView        : View name 'redirect:', model {}
2026-05-07 07:47:39.555 DEBUG 34575 --- [nio-8088-exec-5] o.s.web.servlet.DispatcherServlet        : Completed 302 FOUND
2026-05-07 07:47:39.574 DEBUG 34575 --- [nio-8088-exec-7] o.s.web.servlet.DispatcherServlet        : GET "/show-listof-all-books", parameters={}
2026-05-07 07:47:39.575 DEBUG 34575 --- [nio-8088-exec-7] s.w.s.m.m.a.RequestMappingHandlerMapping : Mapped to public java.lang.String com.verinon.lbm.controller.BookController.showListOfBooks(org.springframework.ui.ModelMap)
2026-05-07 07:47:39.575 DEBUG 34575 --- [nio-8088-exec-7] o.s.w.s.v.ContentNegotiatingViewResolver : Selected '*/*' given [*/*]
2026-05-07 07:47:39.575 DEBUG 34575 --- [nio-8088-exec-7] o.s.web.servlet.view.JstlView            : View name 'showallbooks', model {listofbooks=[BookPojo{book_id=1, book_name='', book_authors='DenniesRich', book_price=150.25, book_dept='ComputerScience', book_published=Thu May 07 07:46:31 CEST 2026, book_date_of_barrow=Thu May 07 07:46:31 CEST 2026, book_date_of_return=Thu May 07 07:46:31 CEST 2026, is_book_available=true}, BookPojo{book_id=2, book_name='Java', book_authors='James', book_price=180.25, book_dept='ComputerScience', book_published=Thu May 07 07:46:31 CEST 2026, book_date_of_barrow=Thu May 07 07:46:31 CEST 2026, book_date_of_return=Thu May 07 07:46:31 CEST 2026, is_book_available=true}, BookPojo{book_id=3, book_name='Python', book_authors='Rossum', book_price=250.95, book_dept='ComputerScience', book_published=Thu May 07 07:46:31 CEST 2026, book_date_of_barrow=Thu May 07 07:46:31 CEST 2026, book_date_of_return=Thu May 07 07:46:31 CEST 2026, is_book_available=true}]}
2026-05-07 07:47:39.575 DEBUG 34575 --- [nio-8088-exec-7] o.s.web.servlet.view.JstlView            : Forwarding to [/WEB-INF/jsps/showallbooks.jsp]
2026-05-07 07:47:39.599 DEBUG 34575 --- [nio-8088-exec-7] o.s.web.servlet.DispatcherServlet        : Completed 200 OK